"Clusters_version","CloneClassID","NumberOfVersions","GroupName"
1,5997,1,"Short-lived"
1,529,2,"Short-lived"
1,68591,1,"Short-lived"
1,6348,1,"Short-lived"
1,6003,1,"Short-lived"
1,1095,1,"Short-lived"
1,96713,2,"Short-lived"
1,128516,1,"Short-lived"
1,52374,1,"Short-lived"
1,31504,1,"Short-lived"
1,51864,1,"Short-lived"
1,45955,1,"Short-lived"
1,150167,1,"Short-lived"
1,6001,1,"Short-lived"
1,693,1,"Short-lived"
1,32802,2,"Short-lived"
1,56696,1,"Short-lived"
1,125611,1,"Short-lived"
1,49320,2,"Short-lived"
1,53010,1,"Short-lived"
1,35762,1,"Short-lived"
1,34557,1,"Short-lived"
1,43151,1,"Short-lived"
1,1064,1,"Short-lived"
1,6358,1,"Short-lived"
1,14027,2,"Short-lived"
1,34547,1,"Short-lived"
1,52384,1,"Short-lived"
1,702,1,"Short-lived"
1,14658,2,"Short-lived"
1,35741,1,"Short-lived"
1,133017,2,"Short-lived"
1,31867,1,"Short-lived"
1,53856,1,"Short-lived"
1,1055,1,"Short-lived"
1,115373,1,"Short-lived"
1,65121,2,"Short-lived"
1,7078,1,"Short-lived"
1,45905,1,"Short-lived"
1,34813,1,"Short-lived"
1,42227,1,"Short-lived"
1,20035,2,"Short-lived"
1,49323,2,"Short-lived"
1,53405,1,"Short-lived"
1,16304,2,"Short-lived"
1,46164,1,"Short-lived"
1,38617,1,"Short-lived"
1,5534,1,"Short-lived"
1,53852,1,"Short-lived"
1,139445,2,"Short-lived"
1,34677,1,"Short-lived"
1,68589,1,"Short-lived"
1,5539,1,"Short-lived"
1,49318,2,"Short-lived"
1,52495,1,"Short-lived"
1,53480,1,"Short-lived"
1,45372,1,"Short-lived"
1,51856,1,"Short-lived"
1,35347,2,"Short-lived"
1,59356,1,"Short-lived"
1,1,2,"Short-lived"
1,13009,2,"Short-lived"
1,52019,1,"Short-lived"
1,11479,1,"Short-lived"
1,3982,2,"Short-lived"
1,51872,1,"Short-lived"
1,1047,1,"Short-lived"
1,15555,2,"Short-lived"
1,49415,2,"Short-lived"
1,32209,1,"Short-lived"
1,34564,1,"Short-lived"
1,685,1,"Short-lived"
1,161483,1,"Short-lived"
1,32171,1,"Short-lived"
1,32240,2,"Short-lived"
1,52494,1,"Short-lived"
1,52383,1,"Short-lived"
1,45918,1,"Short-lived"
1,45950,1,"Short-lived"
1,32266,2,"Short-lived"
1,5548,1,"Short-lived"
1,12846,2,"Short-lived"
1,6114,1,"Short-lived"
1,214,1,"Short-lived"
1,45437,1,"Short-lived"
1,43954,1,"Short-lived"
1,115376,1,"Short-lived"
1,33756,1,"Short-lived"
1,34569,1,"Short-lived"
1,32166,1,"Short-lived"
1,14019,2,"Short-lived"
1,3913,2,"Short-lived"
1,52064,1,"Short-lived"
1,46489,2,"Short-lived"
1,51874,1,"Short-lived"
1,51863,1,"Short-lived"
1,20306,2,"Short-lived"
1,45749,1,"Short-lived"
1,59357,2,"Short-lived"
1,31760,1,"Short-lived"
1,52478,1,"Short-lived"
1,31642,1,"Short-lived"
1,11444,1,"Short-lived"
1,115375,1,"Short-lived"
1,53011,1,"Short-lived"
1,32533,1,"Short-lived"
1,12909,2,"Short-lived"
1,32448,1,"Short-lived"
1,45929,1,"Short-lived"
1,12774,2,"Short-lived"
1,4629,2,"Short-lived"
1,32169,1,"Short-lived"
1,94574,2,"Short-lived"
1,83011,2,"Short-lived"
1,4347,1,"Short-lived"
1,80975,1,"Short-lived"
1,32322,1,"Short-lived"
1,117213,1,"Short-lived"
1,668,1,"Short-lived"
1,34578,1,"Short-lived"
1,5542,1,"Short-lived"
1,32216,1,"Short-lived"
1,5536,1,"Short-lived"
1,127,1,"Short-lived"
1,51884,1,"Short-lived"
1,51885,1,"Short-lived"
1,5538,1,"Short-lived"
1,34529,1,"Short-lived"
1,36956,1,"Short-lived"
1,44371,1,"Short-lived"
1,45470,1,"Short-lived"
1,34850,1,"Short-lived"
1,90098,2,"Short-lived"
1,455,2,"Short-lived"
1,115367,1,"Short-lived"
1,52498,1,"Short-lived"
1,64077,1,"Short-lived"
1,52484,1,"Short-lived"
1,45342,1,"Short-lived"
1,33660,1,"Short-lived"
1,37103,2,"Short-lived"
1,45952,1,"Short-lived"
1,43559,1,"Short-lived"
1,122400,1,"Short-lived"
1,46511,2,"Short-lived"
1,145,1,"Short-lived"
1,115025,1,"Short-lived"
1,35358,2,"Short-lived"
1,32167,1,"Short-lived"
1,44739,1,"Short-lived"
1,6413,1,"Short-lived"
1,54325,1,"Short-lived"
1,7085,1,"Short-lived"
1,7080,1,"Short-lived"
1,32818,1,"Short-lived"
1,36150,1,"Short-lived"
1,52381,1,"Short-lived"
1,36148,1,"Short-lived"
1,20275,2,"Short-lived"
1,33511,1,"Short-lived"
1,64883,1,"Short-lived"
1,65450,1,"Short-lived"
1,31679,1,"Short-lived"
1,34573,1,"Short-lived"
1,34572,1,"Short-lived"
1,46591,2,"Short-lived"
1,46657,2,"Short-lived"
1,15001,2,"Short-lived"
1,32208,1,"Short-lived"
1,34570,1,"Short-lived"
1,139585,2,"Short-lived"
1,218,1,"Short-lived"
1,33796,1,"Short-lived"
1,6069,1,"Short-lived"
1,1067,1,"Short-lived"
1,45970,1,"Short-lived"
1,6127,1,"Short-lived"
1,35324,1,"Short-lived"
1,44357,1,"Short-lived"
1,6157,1,"Short-lived"
1,52477,1,"Short-lived"
1,121,1,"Short-lived"
1,52476,1,"Short-lived"
1,52084,1,"Short-lived"
1,67032,1,"Short-lived"
1,53399,1,"Short-lived"
1,53700,1,"Short-lived"
1,57462,1,"Short-lived"
1,21792,2,"Short-lived"
1,7084,1,"Short-lived"
1,4346,2,"Short-lived"
1,7086,1,"Short-lived"
1,62757,2,"Short-lived"
1,32436,1,"Short-lived"
1,13460,2,"Short-lived"
1,5452,1,"Short-lived"
1,38280,2,"Short-lived"
1,94659,2,"Short-lived"
1,52497,1,"Short-lived"
1,98214,1,"Short-lived"
1,34227,1,"Short-lived"
1,7072,1,"Short-lived"
1,44250,1,"Short-lived"
1,42928,1,"Short-lived"
1,5541,1,"Short-lived"
1,4618,1,"Short-lived"
1,5535,1,"Short-lived"
1,248,1,"Short-lived"
1,47766,2,"Short-lived"
1,115382,1,"Short-lived"
1,35142,2,"Short-lived"
1,86681,2,"Short-lived"
1,64498,1,"Short-lived"
1,40023,1,"Short-lived"
1,35344,2,"Short-lived"
1,53009,1,"Short-lived"
1,81831,1,"Short-lived"
1,115366,1,"Short-lived"
1,115362,1,"Short-lived"
1,43287,1,"Short-lived"
1,46656,2,"Short-lived"
1,10752,1,"Short-lived"
1,40018,1,"Short-lived"
1,21794,2,"Short-lived"
1,115350,1,"Short-lived"
1,52089,1,"Short-lived"
1,43616,1,"Short-lived"
1,102757,1,"Short-lived"
1,32602,1,"Short-lived"
1,45932,1,"Short-lived"
1,52371,1,"Short-lived"
1,96457,2,"Short-lived"
1,44640,1,"Short-lived"
1,45736,1,"Short-lived"
1,71643,1,"Short-lived"
1,43831,2,"Short-lived"
1,45741,1,"Short-lived"
1,134905,1,"Short-lived"
1,123682,1,"Short-lived"
1,32220,2,"Short-lived"
1,12393,2,"Short-lived"
1,43676,1,"Short-lived"
1,52372,1,"Short-lived"
1,35432,2,"Short-lived"
1,52030,1,"Short-lived"
1,207,1,"Short-lived"
1,6013,1,"Short-lived"
1,46036,2,"Short-lived"
1,1065,1,"Short-lived"
1,33757,1,"Short-lived"
1,20584,2,"Short-lived"
1,32441,1,"Short-lived"
1,46681,2,"Short-lived"
1,31942,1,"Short-lived"
1,115369,1,"Short-lived"
1,36728,1,"Short-lived"
1,39742,1,"Short-lived"
1,31721,1,"Short-lived"
1,56196,1,"Short-lived"
1,4658,1,"Short-lived"
1,7105,1,"Short-lived"
1,45197,1,"Short-lived"
1,56050,1,"Short-lived"
1,37128,2,"Short-lived"
1,46397,2,"Short-lived"
1,142014,2,"Short-lived"
1,7130,1,"Short-lived"
1,67033,1,"Short-lived"
1,7088,1,"Short-lived"
1,44650,1,"Short-lived"
1,80971,1,"Short-lived"
1,52581,2,"Short-lived"
1,6070,1,"Short-lived"
1,35931,1,"Short-lived"
1,37092,2,"Short-lived"
1,20800,2,"Short-lived"
1,52386,1,"Short-lived"
1,47337,2,"Short-lived"
1,5555,1,"Short-lived"
1,52382,1,"Short-lived"
1,5550,1,"Short-lived"
1,5552,1,"Short-lived"
1,34865,1,"Short-lived"
1,33865,2,"Short-lived"
1,45737,1,"Short-lived"
1,35215,1,"Short-lived"
1,6469,1,"Short-lived"
1,147480,2,"Short-lived"
1,34703,1,"Short-lived"
1,81338,2,"Short-lived"
1,51900,1,"Short-lived"
1,32451,1,"Short-lived"
1,59781,2,"Short-lived"
1,51875,1,"Short-lived"
1,53797,1,"Short-lived"
1,65124,2,"Short-lived"
1,34549,1,"Short-lived"
1,133836,1,"Short-lived"
1,34546,1,"Short-lived"
1,139591,2,"Short-lived"
1,34545,1,"Short-lived"
1,44366,1,"Short-lived"
1,46660,1,"Short-lived"
1,125616,1,"Short-lived"
1,52475,1,"Short-lived"
1,44866,1,"Short-lived"
1,67036,1,"Short-lived"
1,6106,1,"Short-lived"
1,109875,2,"Short-lived"
1,34519,1,"Short-lived"
1,98623,1,"Short-lived"
1,34079,1,"Short-lived"
1,62756,2,"Short-lived"
1,65195,1,"Short-lived"
1,35271,2,"Short-lived"
1,45507,1,"Short-lived"
1,39925,1,"Short-lived"
1,6404,1,"Short-lived"
1,45782,1,"Short-lived"
1,12844,2,"Short-lived"
1,143247,1,"Short-lived"
1,98215,1,"Short-lived"
1,14989,2,"Short-lived"
1,69360,1,"Short-lived"
1,5549,1,"Short-lived"
1,34577,1,"Short-lived"
1,7067,1,"Short-lived"
1,34575,1,"Short-lived"
1,130810,2,"Short-lived"
1,44732,1,"Short-lived"
1,43930,1,"Short-lived"
1,84452,2,"Short-lived"
1,12843,2,"Short-lived"
1,70687,1,"Short-lived"
1,226,1,"Short-lived"
1,32591,1,"Short-lived"
1,115368,1,"Short-lived"
1,35010,2,"Short-lived"
1,64950,1,"Short-lived"
1,12847,2,"Short-lived"
1,32222,2,"Short-lived"
1,53722,1,"Short-lived"
1,35000,2,"Short-lived"
1,35957,2,"Short-lived"
1,12848,2,"Short-lived"
1,56886,1,"Short-lived"
1,6588,1,"Short-lived"
1,6084,1,"Short-lived"
1,45923,1,"Short-lived"
1,31598,1,"Short-lived"
1,20036,2,"Short-lived"
1,31593,1,"Short-lived"
1,69519,2,"Short-lived"
1,53688,1,"Short-lived"
1,20590,2,"Short-lived"
1,39717,1,"Short-lived"
1,72348,1,"Short-lived"
1,53340,1,"Short-lived"
1,6498,1,"Short-lived"
1,39026,1,"Short-lived"
1,65149,1,"Short-lived"
1,116101,1,"Short-lived"
1,36556,2,"Short-lived"
1,49402,2,"Short-lived"
1,43674,1,"Short-lived"
1,42839,1,"Short-lived"
1,31521,2,"Short-lived"
1,20028,2,"Short-lived"
1,45263,1,"Short-lived"
1,13010,2,"Short-lived"
1,6384,1,"Short-lived"
1,32148,1,"Short-lived"
1,35270,2,"Short-lived"
1,65532,1,"Short-lived"
1,32554,1,"Short-lived"
1,46503,2,"Short-lived"
1,68593,1,"Short-lived"
1,31709,1,"Short-lived"
1,36493,1,"Short-lived"
1,145706,2,"Short-lived"
1,31726,1,"Short-lived"
1,31730,1,"Short-lived"
1,704,1,"Short-lived"
1,35510,1,"Short-lived"
1,689,1,"Short-lived"
1,31708,1,"Short-lived"
1,52583,2,"Short-lived"
1,34535,1,"Short-lived"
1,31519,2,"Short-lived"
1,157331,2,"Short-lived"
1,154746,2,"Short-lived"
1,6527,1,"Short-lived"
1,35781,1,"Short-lived"
1,667,1,"Short-lived"
1,67027,1,"Short-lived"
1,664,1,"Short-lived"
1,6126,1,"Short-lived"
1,52378,1,"Short-lived"
1,90109,2,"Short-lived"
1,49143,2,"Short-lived"
1,44427,1,"Short-lived"
1,46438,2,"Short-lived"
1,64836,1,"Short-lived"
1,64833,1,"Short-lived"
1,64835,1,"Short-lived"
1,43662,1,"Short-lived"
1,32096,2,"Short-lived"
1,50248,2,"Short-lived"
1,32450,1,"Short-lived"
1,34574,1,"Short-lived"
1,34540,1,"Short-lived"
1,58014,2,"Short-lived"
1,34571,1,"Short-lived"
1,34531,1,"Short-lived"
1,65115,1,"Short-lived"
1,34548,1,"Short-lived"
1,44886,1,"Short-lived"
1,43153,1,"Short-lived"
1,80941,1,"Short-lived"
1,46920,2,"Short-lived"
1,42228,1,"Short-lived"
1,53564,1,"Short-lived"
1,34985,2,"Short-lived"
1,53354,1,"Short-lived"
1,34541,1,"Short-lived"
1,34230,1,"Short-lived"
1,67929,1,"Short-lived"
1,31509,1,"Short-lived"
1,53940,1,"Short-lived"
1,34520,1,"Short-lived"
1,37182,1,"Short-lived"
1,35284,2,"Short-lived"
1,35287,2,"Short-lived"
1,5638,2,"Short-lived"
1,32427,1,"Short-lived"
1,54065,1,"Short-lived"
1,69916,2,"Short-lived"
1,89669,2,"Short-lived"
1,83147,2,"Short-lived"
1,14024,2,"Short-lived"
1,6122,1,"Short-lived"
1,32211,1,"Short-lived"
1,39831,1,"Short-lived"
1,33129,1,"Short-lived"
1,33125,1,"Short-lived"
1,47332,2,"Short-lived"
1,31929,1,"Short-lived"
1,5545,1,"Short-lived"
1,32629,1,"Short-lived"
1,34066,1,"Short-lived"
1,12869,2,"Short-lived"
1,44728,1,"Short-lived"
1,132,1,"Short-lived"
1,21591,2,"Short-lived"
1,32214,1,"Short-lived"
1,32348,1,"Short-lived"
1,52620,2,"Short-lived"
1,52619,2,"Short-lived"
1,53012,1,"Short-lived"
1,42894,2,"Short-lived"
1,39038,1,"Short-lived"
1,31719,1,"Short-lived"
1,31724,1,"Short-lived"
1,130981,1,"Short-lived"
1,35542,1,"Short-lived"
1,46927,1,"Short-lived"
1,52380,1,"Short-lived"
1,35304,1,"Short-lived"
1,32355,1,"Short-lived"
1,14722,2,"Short-lived"
1,43728,1,"Short-lived"
1,31601,2,"Short-lived"
1,6583,1,"Short-lived"
1,96458,2,"Short-lived"
1,32589,1,"Short-lived"
1,94601,2,"Short-lived"
1,114482,1,"Short-lived"
1,10305,1,"Short-lived"
1,49319,2,"Short-lived"
1,34060,1,"Short-lived"
1,45928,1,"Short-lived"
1,20025,2,"Short-lived"
1,53330,1,"Short-lived"
1,46172,1,"Short-lived"
1,32464,1,"Short-lived"
1,36134,1,"Short-lived"
1,77837,1,"Short-lived"
1,33662,1,"Short-lived"
1,77833,1,"Short-lived"
1,34851,1,"Short-lived"
1,34715,1,"Short-lived"
1,6385,1,"Short-lived"
1,125804,1,"Short-lived"
1,37262,1,"Short-lived"
1,35120,2,"Short-lived"
1,14228,2,"Short-lived"
1,34325,1,"Short-lived"
1,74658,1,"Short-lived"
1,74657,1,"Short-lived"
1,147481,2,"Short-lived"
1,39488,1,"Short-lived"
1,4659,1,"Short-lived"
1,43657,1,"Short-lived"
1,36019,1,"Short-lived"
1,131,1,"Short-lived"
1,14652,2,"Short-lived"
1,156739,1,"Short-lived"
1,159201,1,"Short-lived"
1,31602,2,"Short-lived"
1,154707,2,"Short-lived"
1,7097,1,"Short-lived"
1,878,1,"Short-lived"
1,44740,1,"Short-lived"
1,31634,2,"Short-lived"
1,5371,2,"Short-lived"
1,88172,1,"Short-lived"
1,93639,1,"Short-lived"
1,83782,1,"Short-lived"
1,44862,1,"Short-lived"
1,34077,1,"Short-lived"
1,80981,1,"Short-lived"
1,83150,2,"Short-lived"
1,64832,1,"Short-lived"
1,65148,1,"Short-lived"
1,52377,1,"Short-lived"
1,31506,1,"Short-lived"
1,32168,1,"Short-lived"
1,52369,1,"Short-lived"
1,52364,1,"Short-lived"
1,97359,2,"Short-lived"
1,34716,1,"Short-lived"
1,33797,1,"Short-lived"
1,7066,1,"Short-lived"
1,89752,2,"Short-lived"
1,89677,2,"Short-lived"
1,747,1,"Short-lived"
1,745,1,"Short-lived"
1,688,1,"Short-lived"
1,35275,2,"Short-lived"
1,677,1,"Short-lived"
1,52354,1,"Short-lived"
1,7376,1,"Short-lived"
1,5460,1,"Short-lived"
1,56088,1,"Short-lived"
1,33128,1,"Short-lived"
1,32105,1,"Short-lived"
1,32039,1,"Short-lived"
1,20564,2,"Short-lived"
1,67034,1,"Short-lived"
1,89006,2,"Short-lived"
1,12376,2,"Short-lived"
1,56880,1,"Short-lived"
1,35285,2,"Short-lived"
1,7117,1,"Short-lived"
1,44942,1,"Short-lived"
1,45270,2,"Short-lived"
1,110259,2,"Short-lived"
1,45509,1,"Short-lived"
1,62755,2,"Short-lived"
1,98246,1,"Short-lived"
1,110116,1,"Short-lived"
1,16311,2,"Short-lived"
1,105551,2,"Short-lived"
1,65152,1,"Short-lived"
1,52808,2,"Short-lived"
1,46169,1,"Short-lived"
1,33124,1,"Short-lived"
1,57583,1,"Short-lived"
1,33122,1,"Short-lived"
1,33121,1,"Short-lived"
1,33120,1,"Short-lived"
1,66552,1,"Short-lived"
1,35168,1,"Short-lived"
1,115385,1,"Short-lived"
1,33228,1,"Short-lived"
1,49400,2,"Short-lived"
1,52078,1,"Short-lived"
1,52016,1,"Short-lived"
1,45917,2,"Short-lived"
1,35025,2,"Short-lived"
1,62652,1,"Short-lived"
1,53191,1,"Short-lived"
1,35011,2,"Short-lived"
1,35012,2,"Short-lived"
1,38178,1,"Short-lived"
1,115360,1,"Short-lived"
1,115335,1,"Short-lived"
1,46922,2,"Short-lived"
1,67928,1,"Short-lived"
1,45967,1,"Short-lived"
1,45911,1,"Short-lived"
1,184,2,"Short-lived"
1,12404,2,"Short-lived"
1,55989,1,"Short-lived"
1,49327,2,"Short-lived"
1,49324,2,"Short-lived"
1,49322,2,"Short-lived"
1,46426,1,"Short-lived"
1,116231,1,"Short-lived"
1,46710,1,"Short-lived"
1,119176,1,"Short-lived"
1,119181,1,"Short-lived"
1,45239,1,"Short-lived"
1,32434,1,"Short-lived"
1,39671,2,"Short-lived"
1,21609,2,"Short-lived"
1,21608,2,"Short-lived"
1,113840,2,"Short-lived"
1,77836,1,"Short-lived"
1,46026,1,"Short-lived"
1,39258,2,"Short-lived"
1,76876,2,"Short-lived"
1,32086,1,"Short-lived"
1,53864,1,"Short-lived"
1,125659,1,"Short-lived"
1,54064,1,"Short-lived"
1,125635,1,"Short-lived"
1,32439,1,"Short-lived"
1,125632,1,"Short-lived"
1,125627,1,"Short-lived"
1,125631,1,"Short-lived"
1,125629,1,"Short-lived"
1,56243,1,"Short-lived"
1,32339,1,"Short-lived"
1,53386,1,"Short-lived"
1,125621,1,"Short-lived"
1,125618,1,"Short-lived"
1,125617,1,"Short-lived"
1,52586,2,"Short-lived"
1,7094,1,"Short-lived"
1,38256,1,"Short-lived"
1,52584,2,"Short-lived"
1,113812,1,"Short-lived"
1,46512,2,"Short-lived"
1,52582,2,"Short-lived"
1,46163,1,"Short-lived"
1,5547,1,"Short-lived"
1,119,1,"Short-lived"
1,5544,1,"Short-lived"
1,14536,2,"Short-lived"
1,36149,1,"Short-lived"
1,5556,1,"Short-lived"
1,5557,1,"Short-lived"
1,44373,1,"Short-lived"
1,7082,1,"Short-lived"
1,5558,1,"Short-lived"
1,43554,1,"Short-lived"
1,52070,1,"Short-lived"
1,35130,2,"Short-lived"
1,3983,2,"Short-lived"
1,52062,1,"Short-lived"
1,6055,1,"Short-lived"
1,21526,2,"Short-lived"
1,52000,1,"Short-lived"
1,81336,2,"Short-lived"
1,125643,1,"Short-lived"
1,64567,2,"Short-lived"
1,14001,2,"Short-lived"
1,35298,2,"Short-lived"
1,139386,2,"Short-lived"
1,51868,1,"Short-lived"
1,35238,1,"Short-lived"
1,35058,1,"Short-lived"
1,53816,1,"Short-lived"
1,59752,1,"Short-lived"
1,6115,1,"Short-lived"
1,129198,1,"Short-lived"
1,34543,1,"Short-lived"
1,34542,1,"Short-lived"
1,56887,2,"Short-lived"
1,34534,1,"Short-lived"
1,54096,1,"Short-lived"
1,54095,1,"Short-lived"
1,46428,1,"Short-lived"
1,56879,1,"Short-lived"
1,56878,1,"Short-lived"
1,56877,1,"Short-lived"
1,47391,1,"Short-lived"
1,110258,2,"Short-lived"
1,56875,1,"Short-lived"
1,80781,1,"Short-lived"
1,32446,1,"Short-lived"
1,773,1,"Short-lived"
1,46096,1,"Short-lived"
1,46101,1,"Short-lived"
1,53985,1,"Short-lived"
1,46680,1,"Short-lived"
1,34425,2,"Short-lived"
1,44225,1,"Short-lived"
1,126167,1,"Short-lived"
1,53250,1,"Short-lived"
1,118093,1,"Short-lived"
1,56793,1,"Short-lived"
1,56372,1,"Short-lived"
1,46118,1,"Short-lived"
1,56418,1,"Short-lived"
1,1091,1,"Short-lived"
1,53802,1,"Short-lived"
1,53800,1,"Short-lived"
1,53781,1,"Short-lived"
1,37094,2,"Short-lived"
1,46134,1,"Short-lived"
1,13459,2,"Short-lived"
1,53726,1,"Short-lived"
1,20116,2,"Short-lived"
1,90107,2,"Short-lived"
1,46145,1,"Short-lived"
1,46146,1,"Short-lived"
1,53574,1,"Short-lived"
1,38620,1,"Short-lived"
1,45915,1,"Short-lived"
1,13274,2,"Short-lived"
1,12967,2,"Short-lived"
1,33397,1,"Short-lived"
1,53505,1,"Short-lived"
1,46708,1,"Short-lived"
1,46157,1,"Short-lived"
1,4630,1,"Short-lived"
1,34962,2,"Short-lived"
1,54094,1,"Short-lived"
1,34957,2,"Short-lived"
1,43955,1,"Short-lived"
1,72346,1,"Short-lived"
1,53339,1,"Short-lived"
1,53335,1,"Short-lived"
1,83781,1,"Short-lived"
1,39923,1,"Short-lived"
1,20867,2,"Short-lived"
1,53299,1,"Short-lived"
1,45409,1,"Short-lived"
1,74504,2,"Short-lived"
1,53309,1,"Short-lived"
1,3456,1,"Short-lived"
1,94700,1,"Short-lived"
1,45237,1,"Short-lived"
1,53278,1,"Short-lived"
1,147476,2,"Short-lived"
1,73930,1,"Short-lived"
1,64506,1,"Short-lived"
1,151090,1,"Short-lived"
1,149439,2,"Short-lived"
1,53224,1,"Short-lived"
1,53218,1,"Short-lived"
1,53223,1,"Short-lived"
1,147477,2,"Short-lived"
1,147473,2,"Short-lived"
1,147472,2,"Short-lived"
1,52481,1,"Short-lived"
1,152431,1,"Short-lived"
1,53192,1,"Short-lived"
1,52585,2,"Short-lived"
1,113678,1,"Short-lived"
1,53156,1,"Short-lived"
1,53123,1,"Short-lived"
1,53136,1,"Short-lived"
1,53129,1,"Short-lived"
1,162090,1,"Short-lived"
1,165035,1,"Short-lived"
1,160620,1,"Short-lived"
1,67025,1,"Short-lived"
1,45869,1,"Short-lived"
1,31722,1,"Short-lived"
1,32445,1,"Short-lived"
1,32147,1,"Short-lived"
1,43659,1,"Short-lived"
1,33553,1,"Short-lived"
1,46340,2,"Short-lived"
1,33551,1,"Short-lived"
1,47333,2,"Short-lived"
1,53143,1,"Short-lived"
1,53135,1,"Short-lived"
1,54330,2,"Short-lived"
1,34568,1,"Short-lived"
1,34566,1,"Short-lived"
1,34562,1,"Short-lived"
1,39306,1,"Short-lived"
1,35802,1,"Short-lived"
1,46666,1,"Short-lived"
1,139608,2,"Short-lived"
1,36955,1,"Short-lived"
1,80990,1,"Short-lived"
1,80965,1,"Short-lived"
1,46477,2,"Short-lived"
1,53885,1,"Short-lived"
1,6118,1,"Short-lived"
1,44360,1,"Short-lived"
1,65116,1,"Short-lived"
1,53352,1,"Short-lived"
1,87099,2,"Short-lived"
1,53277,1,"Short-lived"
1,53229,1,"Short-lived"
1,59288,2,"Short-lived"
1,53128,1,"Short-lived"
1,44884,1,"Short-lived"
1,46504,2,"Short-lived"
1,34518,1,"Short-lived"
1,31700,1,"Short-lived"
1,47392,1,"Short-lived"
1,6529,1,"Short-lived"
1,45411,1,"Short-lived"
1,54076,1,"Short-lived"
1,110257,2,"Short-lived"
1,56873,1,"Short-lived"
1,83141,2,"Short-lived"
1,35262,2,"Short-lived"
1,32433,1,"Short-lived"
1,52807,2,"Short-lived"
1,105553,2,"Short-lived"
1,64505,1,"Short-lived"
1,111363,1,"Short-lived"
1,33123,1,"Short-lived"
1,94584,2,"Short-lived"
1,89736,2,"Short-lived"
1,62881,2,"Short-lived"
1,32411,1,"Short-lived"
1,84463,2,"Short-lived"
1,84454,2,"Short-lived"
1,115377,1,"Short-lived"
1,43664,1,"Short-lived"
1,83155,2,"Short-lived"
1,43729,1,"Short-lived"
1,46847,1,"Short-lived"
1,52617,2,"Short-lived"
1,94263,2,"Short-lived"
1,83145,2,"Short-lived"
1,83146,2,"Short-lived"
1,75393,1,"Short-lived"
1,43229,1,"Short-lived"
1,54411,1,"Short-lived"
1,46573,1,"Short-lived"
1,44557,1,"Short-lived"
1,46153,1,"Short-lived"
1,84204,2,"Short-lived"
1,33422,1,"Short-lived"
1,45914,1,"Short-lived"
1,49410,2,"Short-lived"
1,33417,1,"Short-lived"
1,63616,1,"Short-lived"
1,34965,2,"Short-lived"
1,53441,1,"Short-lived"
1,34961,2,"Short-lived"
1,46709,1,"Short-lived"
1,64834,1,"Short-lived"
1,49942,1,"Short-lived"
1,48014,2,"Short-lived"
1,6140,1,"Short-lived"
1,20026,2,"Short-lived"
1,93640,1,"Short-lived"
1,64496,2,"Short-lived"
1,39922,1,"Short-lived"
1,53294,1,"Short-lived"
1,53293,1,"Short-lived"
1,55982,2,"Short-lived"
1,94706,2,"Short-lived"
1,53289,1,"Short-lived"
1,52360,1,"Short-lived"
1,54100,1,"Short-lived"
1,32592,1,"Short-lived"
1,12853,2,"Short-lived"
1,32207,1,"Short-lived"
1,35359,2,"Short-lived"
1,706,1,"Short-lived"
1,45495,2,"Short-lived"
1,45968,1,"Short-lived"
1,7125,1,"Short-lived"
1,64085,1,"Short-lived"
1,7110,1,"Short-lived"
1,50757,2,"Short-lived"
1,46540,2,"Short-lived"
1,7104,1,"Short-lived"
1,20034,2,"Short-lived"
1,46180,1,"Short-lived"
1,159749,1,"Short-lived"
1,21601,2,"Short-lived"
1,130,1,"Short-lived"
1,5554,1,"Short-lived"
1,120,1,"Short-lived"
1,83679,1,"Short-lived"
1,7087,1,"Short-lived"
1,7089,1,"Short-lived"
1,45241,2,"Short-lived"
1,45240,2,"Short-lived"
1,31720,1,"Short-lived"
1,52578,2,"Short-lived"
1,52577,2,"Short-lived"
1,65096,1,"Short-lived"
1,80978,1,"Short-lived"
1,5559,1,"Short-lived"
1,45931,1,"Short-lived"
1,52086,1,"Short-lived"
1,32447,1,"Short-lived"
1,7070,1,"Short-lived"
1,35980,1,"Short-lived"
1,64561,1,"Short-lived"
1,52365,1,"Short-lived"
1,46752,2,"Short-lived"
1,52359,1,"Short-lived"
1,52362,1,"Short-lived"
1,45922,1,"Short-lived"
1,52358,1,"Short-lived"
1,43666,1,"Short-lived"
1,125630,1,"Short-lived"
1,52356,1,"Short-lived"
1,45966,1,"Short-lived"
1,4362,2,"Short-lived"
1,45969,1,"Short-lived"
1,35144,2,"Short-lived"
1,1210,2,"Short-lived"
1,21325,2,"Short-lived"
1,46659,1,"Short-lived"
1,46529,1,"Short-lived"
1,35310,2,"Short-lived"
1,45374,1,"Short-lived"
1,45375,1,"Short-lived"
1,35299,1,"Short-lived"
1,99847,2,"Short-lived"
1,101809,1,"Short-lived"
1,75225,1,"Short-lived"
1,64643,1,"Short-lived"
1,35156,1,"Short-lived"
1,56876,1,"Short-lived"
1,39514,1,"Short-lived"
1,73386,1,"Short-lived"
1,54066,1,"Short-lived"
1,16312,2,"Short-lived"
1,46430,1,"Short-lived"
1,46177,2,"Short-lived"
1,32851,1,"Short-lived"
1,113680,1,"Short-lived"
1,56884,2,"Short-lived"
1,68935,1,"Short-lived"
1,110140,1,"Short-lived"
1,35191,2,"Short-lived"
1,35217,1,"Short-lived"
1,46685,1,"Short-lived"
1,37102,2,"Short-lived"
1,35165,2,"Short-lived"
1,54744,1,"Short-lived"
1,46119,1,"Short-lived"
1,53805,1,"Short-lived"
1,54045,1,"Short-lived"
1,53417,1,"Short-lived"
1,53231,1,"Short-lived"
1,35132,2,"Short-lived"
1,35499,1,"Short-lived"
1,35415,1,"Short-lived"
1,32202,1,"Short-lived"
1,53717,1,"Short-lived"
1,47077,2,"Short-lived"
1,115363,1,"Short-lived"
1,77103,1,"Short-lived"
1,64605,1,"Short-lived"
1,86288,2,"Short-lived"
1,45995,2,"Short-lived"
1,77122,1,"Short-lived"
1,46756,1,"Short-lived"
1,12398,2,"Short-lived"
1,12401,2,"Short-lived"
1,31916,2,"Short-lived"
1,82022,1,"Short-lived"
1,69518,2,"Short-lived"
1,113687,1,"Short-lived"
1,69517,2,"Short-lived"
1,77914,1,"Short-lived"
1,72768,1,"Short-lived"
1,116230,1,"Short-lived"
1,38621,1,"Short-lived"
1,35926,1,"Short-lived"
1,35230,1,"Short-lived"
1,35800,1,"Short-lived"
1,114564,1,"Short-lived"
1,43149,1,"Short-lived"
1,77862,1,"Short-lived"
1,39918,1,"Short-lived"
1,39917,1,"Short-lived"
1,34576,1,"Short-lived"
1,11019,1,"Short-lived"
1,46174,1,"Short-lived"
1,16540,2,"Short-lived"
1,68493,1,"Short-lived"
1,46846,1,"Short-lived"
1,53240,1,"Short-lived"
1,146,1,"Short-lived"
1,53230,1,"Short-lived"
1,47765,2,"Short-lived"
1,45266,1,"Short-lived"
1,34713,1,"Short-lived"
1,39487,1,"Short-lived"
1,21068,2,"Short-lived"
1,52589,2,"Short-lived"
1,52588,2,"Short-lived"
1,52587,1,"Short-lived"
1,44658,1,"Short-lived"
1,7096,1,"Short-lived"
1,70,1,"Short-lived"
1,124712,1,"Short-lived"
1,46509,2,"Short-lived"
1,32341,1,"Short-lived"
1,7095,1,"Short-lived"
1,52580,2,"Short-lived"
1,43953,2,"Short-lived"
1,52579,2,"Short-lived"
1,46502,2,"Short-lived"
1,46516,2,"Short-lived"
1,67024,1,"Short-lived"
1,121380,1,"Short-lived"
1,5998,1,"Short-lived"
1,136372,2,"Short-lived"
1,35801,1,"Short-lived"
1,53251,1,"Short-lived"
1,80855,1,"Short-lived"
1,32267,2,"Short-lived"
1,114886,1,"Short-lived"
1,32340,1,"Short-lived"
1,6104,1,"Short-lived"
1,32004,1,"Short-lived"
1,53898,1,"Short-lived"
1,81337,2,"Short-lived"
1,51997,1,"Short-lived"
1,34692,1,"Short-lived"
1,46718,1,"Short-lived"
1,46429,1,"Short-lived"
1,31725,1,"Short-lived"
1,48418,2,"Short-lived"
1,35232,2,"Short-lived"
1,139327,2,"Short-lived"
1,53731,1,"Short-lived"
1,44367,1,"Short-lived"
1,46725,1,"Short-lived"
1,68890,1,"Short-lived"
1,44354,1,"Short-lived"
1,34544,1,"Short-lived"
1,46661,1,"Short-lived"
1,54101,1,"Short-lived"
1,114201,1,"Short-lived"
1,110256,1,"Short-lived"
1,59285,2,"Short-lived"
1,45280,1,"Short-lived"
1,46427,1,"Short-lived"
1,54077,1,"Short-lived"
1,54086,1,"Short-lived"
1,54067,1,"Short-lived"
1,73387,1,"Short-lived"
1,46181,2,"Short-lived"
1,56874,2,"Short-lived"
1,46425,1,"Short-lived"
1,32173,2,"Short-lived"
1,124158,1,"Short-lived"
1,65150,1,"Short-lived"
1,45803,1,"Short-lived"
1,33554,1,"Short-lived"
1,53300,1,"Short-lived"
1,53955,1,"Short-lived"
1,46683,1,"Short-lived"
1,53932,1,"Short-lived"
1,7069,1,"Short-lived"
1,46173,1,"Short-lived"
1,46112,1,"Short-lived"
1,115397,1,"Short-lived"
1,115386,1,"Short-lived"
1,46150,1,"Short-lived"
1,65347,1,"Short-lived"
1,53530,1,"Short-lived"
1,14314,2,"Short-lived"
1,53735,1,"Short-lived"
1,57277,2,"Short-lived"
1,74656,1,"Short-lived"
1,31682,1,"Short-lived"
1,83186,2,"Short-lived"
1,53211,1,"Short-lived"
1,53194,1,"Short-lived"
1,46176,1,"Short-lived"
1,53193,1,"Short-lived"
1,161250,1,"Short-lived"
1,51999,1,"Short-lived"
1,32206,1,"Short-lived"
1,53519,1,"Short-lived"
1,121944,1,"Short-lived"
1,34966,2,"Short-lived"
1,34967,2,"Short-lived"
1,89437,2,"Short-lived"
1,12402,2,"Short-lived"
1,82021,1,"Short-lived"
1,117846,1,"Short-lived"
1,117845,1,"Short-lived"
1,115410,1,"Short-lived"
1,77760,1,"Short-lived"
1,39760,1,"Short-lived"
1,56899,1,"Short-lived"
1,65482,1,"Short-lived"
1,52357,1,"Short-lived"
1,115408,1,"Short-lived"
1,34348,1,"Short-lived"
1,39921,1,"Short-lived"
1,65356,1,"Short-lived"
1,67023,1,"Short-lived"
1,39829,1,"Short-lived"
1,54741,1,"Short-lived"
1,50567,2,"Short-lived"
1,44947,1,"Short-lived"
1,32431,1,"Short-lived"
1,76895,2,"Short-lived"
1,53157,1,"Short-lived"
1,115333,1,"Short-lived"
1,32449,1,"Short-lived"
1,52355,1,"Short-lived"
1,74499,2,"Short-lived"
1,53125,1,"Short-lived"
1,46185,1,"Short-lived"
1,71447,1,"Short-lived"
1,6139,1,"Short-lived"
1,56087,1,"Short-lived"
1,120806,1,"Short-lived"
1,77762,1,"Short-lived"
1,160624,1,"Short-lived"
1,35323,1,"Short-lived"
1,53184,1,"Short-lived"
1,38636,2,"Short-lived"
1,56882,2,"Short-lived"
1,94653,2,"Short-lived"
1,115348,1,"Short-lived"
1,31511,1,"Short-lived"
1,31681,1,"Short-lived"
1,115024,1,"Short-lived"
1,34533,1,"Short-lived"
1,32210,1,"Short-lived"
1,65481,1,"Short-lived"
1,113872,1,"Short-lived"
1,35381,2,"Short-lived"
1,65123,1,"Short-lived"
1,43943,1,"Short-lived"
1,37413,1,"Short-lived"
1,53452,1,"Short-lived"
1,35281,1,"Short-lived"
1,32275,1,"Short-lived"
1,67026,1,"Short-lived"
1,77293,1,"Short-lived"
1,128049,1,"Short-lived"
1,7103,1,"Short-lived"
1,83661,1,"Short-lived"
1,34370,1,"Short-lived"
1,13961,2,"Short-lived"
1,65492,1,"Short-lived"
1,53972,1,"Short-lived"
1,114310,1,"Short-lived"
1,123648,1,"Short-lived"
1,110145,2,"Short-lived"
1,71102,1,"Short-lived"
1,128514,1,"Short-lived"
1,65122,2,"Short-lived"
1,125623,1,"Short-lived"
1,14959,2,"Short-lived"
1,45373,1,"Short-lived"
1,56885,2,"Short-lived"
1,125668,1,"Short-lived"
1,46024,1,"Short-lived"
1,113573,1,"Short-lived"
1,39670,2,"Short-lived"
1,31589,1,"Short-lived"
1,115381,1,"Short-lived"
1,83292,1,"Short-lived"
1,67028,1,"Short-lived"
1,81335,2,"Short-lived"
1,125625,1,"Short-lived"
1,31717,1,"Short-lived"
1,125622,1,"Short-lived"
1,46513,2,"Short-lived"
1,120718,1,"Short-lived"
1,45884,1,"Short-lived"
1,64420,2,"Short-lived"
1,52063,1,"Short-lived"
1,47393,1,"Short-lived"
1,159746,1,"Short-lived"
1,43672,1,"Short-lived"
1,77299,1,"Short-lived"
1,44741,1,"Short-lived"
2,5453,12,"Long-lived"
2,44,14,"Long-lived"
2,3867,14,"Long-lived"
2,3940,12,"Long-lived"
2,3579,14,"Long-lived"
2,40,14,"Long-lived"
2,5173,12,"Long-lived"
2,9794,13,"Long-lived"
2,3536,14,"Long-lived"
2,3907,14,"Long-lived"
2,3852,14,"Long-lived"
2,1170,14,"Long-lived"
2,43,14,"Long-lived"
2,5172,12,"Long-lived"
2,3897,14,"Long-lived"
2,60,14,"Long-lived"
2,3901,14,"Long-lived"
2,3505,14,"Long-lived"
2,10170,13,"Long-lived"
2,10022,13,"Long-lived"
2,67,14,"Long-lived"
2,3905,14,"Long-lived"
2,3903,14,"Long-lived"
2,57,14,"Long-lived"
2,3869,14,"Long-lived"
2,59,14,"Long-lived"
2,35,14,"Long-lived"
2,3711,14,"Long-lived"
2,3596,14,"Long-lived"
2,3642,14,"Long-lived"
2,3583,14,"Long-lived"
2,56,14,"Long-lived"
2,3591,14,"Long-lived"
2,3589,14,"Long-lived"
2,313,12,"Long-lived"
2,164,12,"Long-lived"
2,4575,12,"Long-lived"
3,3428,7,"Long-lived"
3,3427,7,"Long-lived"
3,3426,7,"Long-lived"
3,3423,7,"Long-lived"
3,227,7,"Long-lived"
3,3419,7,"Long-lived"
3,3408,7,"Long-lived"
3,3391,7,"Long-lived"
3,3386,7,"Long-lived"
3,3371,7,"Long-lived"
3,3367,7,"Long-lived"
3,298,7,"Long-lived"
3,3363,7,"Long-lived"
3,308,7,"Long-lived"
3,16,7,"Long-lived"
3,316,7,"Long-lived"
3,319,7,"Long-lived"
3,2820,7,"Long-lived"
3,325,7,"Long-lived"
3,43921,7,"Long-lived"
3,2861,7,"Long-lived"
3,43617,6,"Long-lived"
3,44218,7,"Long-lived"
3,39308,7,"Long-lived"
3,39307,7,"Long-lived"
3,2724,7,"Long-lived"
3,306,7,"Long-lived"
3,2710,7,"Long-lived"
3,229,7,"Long-lived"
3,2625,7,"Long-lived"
3,2575,7,"Long-lived"
3,6060,6,"Long-lived"
3,2513,7,"Long-lived"
3,2455,7,"Long-lived"
3,2460,7,"Long-lived"
3,2411,7,"Long-lived"
3,257,7,"Long-lived"
3,2282,7,"Long-lived"
3,2218,7,"Long-lived"
3,379,7,"Long-lived"
3,2139,7,"Long-lived"
3,2140,7,"Long-lived"
3,348,7,"Long-lived"
3,349,7,"Long-lived"
3,2062,7,"Long-lived"
3,29,7,"Long-lived"
3,30,7,"Long-lived"
3,1667,7,"Long-lived"
3,1496,7,"Long-lived"
3,1471,7,"Long-lived"
3,1418,7,"Long-lived"
3,366,7,"Long-lived"
3,1383,7,"Long-lived"
3,11948,6,"Long-lived"
3,44949,7,"Long-lived"
3,11941,6,"Long-lived"
3,1255,7,"Long-lived"
3,1228,7,"Long-lived"
3,24,7,"Long-lived"
3,11934,6,"Long-lived"
3,1214,7,"Long-lived"
3,7005,7,"Long-lived"
3,62169,6,"Long-lived"
3,38872,7,"Long-lived"
3,4864,7,"Long-lived"
3,6039,6,"Long-lived"
3,32036,7,"Long-lived"
3,4198,7,"Long-lived"
3,4197,7,"Long-lived"
3,46144,6,"Long-lived"
3,46254,6,"Long-lived"
3,1010,6,"Long-lived"
3,5560,7,"Long-lived"
3,31516,7,"Long-lived"
3,73690,7,"Long-lived"
3,50124,6,"Long-lived"
3,45385,7,"Long-lived"
3,38548,7,"Long-lived"
3,335,7,"Long-lived"
3,389,7,"Long-lived"
3,6100,6,"Long-lived"
3,6102,6,"Long-lived"
3,45379,7,"Long-lived"
3,45377,7,"Long-lived"
3,45505,7,"Long-lived"
3,57595,6,"Long-lived"
3,6921,7,"Long-lived"
3,35436,6,"Long-lived"
3,11426,6,"Long-lived"
3,35417,6,"Long-lived"
3,60217,6,"Long-lived"
3,35308,6,"Long-lived"
3,58726,6,"Long-lived"
3,58725,6,"Long-lived"
3,58724,6,"Long-lived"
3,12056,6,"Long-lived"
3,4861,7,"Long-lived"
3,4862,7,"Long-lived"
3,4858,7,"Long-lived"
3,4859,7,"Long-lived"
3,4857,7,"Long-lived"
3,290,7,"Long-lived"
3,4854,7,"Long-lived"
3,4853,7,"Long-lived"
3,273,7,"Long-lived"
3,4849,7,"Long-lived"
3,271,7,"Long-lived"
3,4848,7,"Long-lived"
3,4847,7,"Long-lived"
3,292,7,"Long-lived"
3,4844,7,"Long-lived"
3,33075,7,"Long-lived"
3,46975,6,"Long-lived"
3,73630,6,"Long-lived"
3,46919,6,"Long-lived"
3,250,7,"Long-lived"
3,50162,6,"Long-lived"
3,46155,6,"Long-lived"
3,36213,7,"Long-lived"
3,20,7,"Long-lived"
3,2697,7,"Long-lived"
3,45390,7,"Long-lived"
3,32190,7,"Long-lived"
3,43709,7,"Long-lived"
3,3201,7,"Long-lived"
3,39118,7,"Long-lived"
3,46061,6,"Long-lived"
3,39476,7,"Long-lived"
3,47010,6,"Long-lived"
3,31911,7,"Long-lived"
3,37114,7,"Long-lived"
3,37106,7,"Long-lived"
3,68532,6,"Long-lived"
3,37076,7,"Long-lived"
3,37073,7,"Long-lived"
3,31924,7,"Long-lived"
3,75342,6,"Long-lived"
3,56021,6,"Long-lived"
3,995,7,"Long-lived"
3,55525,6,"Long-lived"
3,45394,7,"Long-lived"
3,48580,6,"Long-lived"
3,42873,7,"Long-lived"
3,42872,7,"Long-lived"
3,42863,7,"Long-lived"
3,42862,7,"Long-lived"
3,63618,6,"Long-lived"
3,124,7,"Long-lived"
3,4631,7,"Long-lived"
3,43922,7,"Long-lived"
3,31736,7,"Long-lived"
3,4628,7,"Long-lived"
3,4627,7,"Long-lived"
3,4626,7,"Long-lived"
3,172,6,"Long-lived"
3,46983,6,"Long-lived"
3,644,7,"Long-lived"
3,31991,7,"Long-lived"
3,31996,7,"Long-lived"
3,46810,6,"Long-lived"
3,4345,7,"Long-lived"
3,54443,6,"Long-lived"
3,33103,7,"Long-lived"
3,58160,6,"Long-lived"
3,46815,6,"Long-lived"
3,45340,7,"Long-lived"
3,31925,7,"Long-lived"
3,42871,7,"Long-lived"
3,45471,7,"Long-lived"
3,31558,7,"Long-lived"
3,825,7,"Long-lived"
3,32151,7,"Long-lived"
3,36977,7,"Long-lived"
3,39642,7,"Long-lived"
3,31784,7,"Long-lived"
3,209,7,"Long-lived"
3,65018,6,"Long-lived"
3,80,7,"Long-lived"
3,85,7,"Long-lived"
3,141,7,"Long-lived"
3,31707,7,"Long-lived"
3,4046,7,"Long-lived"
3,46977,6,"Long-lived"
3,673,7,"Long-lived"
3,289,7,"Long-lived"
3,43176,7,"Long-lived"
3,36214,7,"Long-lived"
3,36210,7,"Long-lived"
3,21829,7,"Long-lived"
3,31912,7,"Long-lived"
3,666,7,"Long-lived"
3,665,7,"Long-lived"
3,4843,7,"Long-lived"
3,62232,6,"Long-lived"
3,82,7,"Long-lived"
3,6515,6,"Long-lived"
3,390,7,"Long-lived"
3,983,7,"Long-lived"
3,78,7,"Long-lived"
3,81,7,"Long-lived"
3,86,7,"Long-lived"
3,558,7,"Long-lived"
3,44734,7,"Long-lived"
3,304,7,"Long-lived"
3,4625,7,"Long-lived"
3,2716,7,"Long-lived"
3,979,7,"Long-lived"
3,253,7,"Long-lived"
3,2666,7,"Long-lived"
3,301,7,"Long-lived"
3,3398,7,"Long-lived"
3,3353,7,"Long-lived"
3,19,7,"Long-lived"
3,6351,6,"Long-lived"
3,2669,7,"Long-lived"
3,328,7,"Long-lived"
3,2376,7,"Long-lived"
3,45896,6,"Long-lived"
3,356,7,"Long-lived"
3,359,7,"Long-lived"
3,360,7,"Long-lived"
3,43627,7,"Long-lived"
3,48558,6,"Long-lived"
3,99,7,"Long-lived"
3,212,7,"Long-lived"
3,4196,7,"Long-lived"
3,51672,6,"Long-lived"
3,26,7,"Long-lived"
3,2134,7,"Long-lived"
3,17,7,"Long-lived"
3,2374,7,"Long-lived"
3,52351,6,"Long-lived"
3,32032,7,"Long-lived"
3,46003,6,"Long-lived"
3,46007,6,"Long-lived"
3,46014,6,"Long-lived"
3,31507,7,"Long-lived"
3,46030,6,"Long-lived"
3,43592,7,"Long-lived"
3,32261,7,"Long-lived"
3,12093,6,"Long-lived"
3,46765,6,"Long-lived"
3,46762,6,"Long-lived"
3,331,7,"Long-lived"
3,46761,6,"Long-lived"
3,39249,7,"Long-lived"
3,5754,7,"Long-lived"
3,4577,6,"Long-lived"
3,46767,6,"Long-lived"
3,32519,7,"Long-lived"
3,46676,6,"Long-lived"
3,11992,6,"Long-lived"
3,58213,7,"Long-lived"
3,11984,6,"Long-lived"
3,18,7,"Long-lived"
3,2620,7,"Long-lived"
3,11960,6,"Long-lived"
3,4642,7,"Long-lived"
3,45748,7,"Long-lived"
3,60062,6,"Long-lived"
3,51786,6,"Long-lived"
3,6174,6,"Long-lived"
3,4301,7,"Long-lived"
3,31914,7,"Long-lived"
3,34385,7,"Long-lived"
3,6602,6,"Long-lived"
3,22,7,"Long-lived"
3,2846,7,"Long-lived"
3,6552,6,"Long-lived"
3,6120,6,"Long-lived"
3,6080,6,"Long-lived"
3,39797,7,"Long-lived"
3,6147,6,"Long-lived"
3,32175,6,"Long-lived"
3,6008,6,"Long-lived"
3,3425,7,"Long-lived"
3,3385,7,"Long-lived"
3,3378,7,"Long-lived"
3,299,7,"Long-lived"
3,3366,7,"Long-lived"
3,3346,7,"Long-lived"
3,3191,7,"Long-lived"
3,2864,7,"Long-lived"
3,31767,7,"Long-lived"
3,31913,7,"Long-lived"
3,37116,7,"Long-lived"
3,2661,7,"Long-lived"
3,5919,6,"Long-lived"
3,2581,7,"Long-lived"
3,2578,7,"Long-lived"
3,2348,7,"Long-lived"
3,2194,7,"Long-lived"
3,456,6,"Long-lived"
3,2180,7,"Long-lived"
3,2102,7,"Long-lived"
3,1405,7,"Long-lived"
3,1224,7,"Long-lived"
3,4932,7,"Long-lived"
3,42865,7,"Long-lived"
3,32435,7,"Long-lived"
3,11939,6,"Long-lived"
3,64284,6,"Long-lived"
3,45919,6,"Long-lived"
3,11933,6,"Long-lived"
3,13972,6,"Long-lived"
3,330,7,"Long-lived"
3,64296,6,"Long-lived"
3,879,6,"Long-lived"
3,45933,6,"Long-lived"
3,332,7,"Long-lived"
3,50554,6,"Long-lived"
3,39732,7,"Long-lived"
3,157,6,"Long-lived"
3,274,7,"Long-lived"
3,53,7,"Long-lived"
3,63714,6,"Long-lived"
3,7079,6,"Long-lived"
3,64044,6,"Long-lived"
3,6097,6,"Long-lived"
3,32247,7,"Long-lived"
3,45268,7,"Long-lived"
3,7071,6,"Long-lived"
3,43590,7,"Long-lived"
3,33396,7,"Long-lived"
3,35439,6,"Long-lived"
3,34480,7,"Long-lived"
3,540,7,"Long-lived"
3,568,7,"Long-lived"
3,44692,7,"Long-lived"
3,275,7,"Long-lived"
3,4851,7,"Long-lived"
3,89661,6,"Long-lived"
3,82751,6,"Long-lived"
3,89660,6,"Long-lived"
3,35360,6,"Long-lived"
3,6596,6,"Long-lived"
3,35329,6,"Long-lived"
3,35327,6,"Long-lived"
3,32419,7,"Long-lived"
3,35311,6,"Long-lived"
3,55965,6,"Long-lived"
3,52548,6,"Long-lived"
3,50442,6,"Long-lived"
3,47011,6,"Long-lived"
3,60209,6,"Long-lived"
3,246,7,"Long-lived"
3,52,7,"Long-lived"
3,286,7,"Long-lived"
3,6075,6,"Long-lived"
3,9714,6,"Long-lived"
3,62993,6,"Long-lived"
3,5766,6,"Long-lived"
3,47013,6,"Long-lived"
3,6000,6,"Long-lived"
3,12108,6,"Long-lived"
3,181,6,"Long-lived"
3,64030,6,"Long-lived"
3,54446,6,"Long-lived"
3,12107,6,"Long-lived"
3,62999,6,"Long-lived"
3,12098,6,"Long-lived"
3,12097,6,"Long-lived"
3,12095,6,"Long-lived"
3,329,7,"Long-lived"
3,2885,7,"Long-lived"
3,2784,7,"Long-lived"
3,60248,6,"Long-lived"
3,255,7,"Long-lived"
3,2709,7,"Long-lived"
3,2275,7,"Long-lived"
3,12082,6,"Long-lived"
3,12078,6,"Long-lived"
3,64270,6,"Long-lived"
3,12079,6,"Long-lived"
3,12076,6,"Long-lived"
3,48213,6,"Long-lived"
3,48211,6,"Long-lived"
3,48212,6,"Long-lived"
3,48210,6,"Long-lived"
3,48209,6,"Long-lived"
3,62799,6,"Long-lived"
3,46273,6,"Long-lived"
3,64314,6,"Long-lived"
3,12019,6,"Long-lived"
3,47,7,"Long-lived"
3,4305,7,"Long-lived"
3,4306,7,"Long-lived"
3,4304,7,"Long-lived"
3,4303,7,"Long-lived"
3,46,7,"Long-lived"
3,12012,6,"Long-lived"
3,4841,7,"Long-lived"
3,12011,6,"Long-lived"
3,12005,6,"Long-lived"
3,12001,6,"Long-lived"
3,52943,6,"Long-lived"
3,12000,6,"Long-lived"
3,55808,6,"Long-lived"
3,55806,6,"Long-lived"
3,46393,6,"Long-lived"
3,46396,6,"Long-lived"
3,46593,6,"Long-lived"
3,46413,6,"Long-lived"
3,46415,6,"Long-lived"
3,63553,6,"Long-lived"
3,58748,6,"Long-lived"
3,58747,6,"Long-lived"
3,6061,6,"Long-lived"
3,46636,6,"Long-lived"
3,11980,6,"Long-lived"
3,11972,6,"Long-lived"
3,11973,6,"Long-lived"
3,11971,6,"Long-lived"
3,11970,6,"Long-lived"
3,11961,6,"Long-lived"
3,11962,6,"Long-lived"
3,11954,6,"Long-lived"
3,52501,7,"Long-lived"
3,1040,7,"Long-lived"
3,75927,6,"Long-lived"
3,1039,7,"Long-lived"
3,6146,6,"Long-lived"
3,11935,6,"Long-lived"
3,6089,6,"Long-lived"
3,7106,6,"Long-lived"
3,39471,7,"Long-lived"
3,245,7,"Long-lived"
3,39804,7,"Long-lived"
3,6112,6,"Long-lived"
3,239,7,"Long-lived"
3,12032,6,"Long-lived"
3,6087,6,"Long-lived"
3,46453,6,"Long-lived"
3,35620,7,"Long-lived"
3,284,7,"Long-lived"
3,3417,7,"Long-lived"
3,3407,7,"Long-lived"
3,3390,7,"Long-lived"
3,46139,6,"Long-lived"
3,7092,6,"Long-lived"
3,357,7,"Long-lived"
3,50122,6,"Long-lived"
3,5999,6,"Long-lived"
3,6098,6,"Long-lived"
3,46537,6,"Long-lived"
3,47592,6,"Long-lived"
3,49241,6,"Long-lived"
3,46373,6,"Long-lived"
3,60266,6,"Long-lived"
3,254,7,"Long-lived"
3,6076,6,"Long-lived"
3,35443,6,"Long-lived"
3,62606,6,"Long-lived"
3,46375,6,"Long-lived"
3,62605,6,"Long-lived"
3,54792,6,"Long-lived"
3,46370,6,"Long-lived"
3,43988,7,"Long-lived"
3,32410,7,"Long-lived"
3,35140,6,"Long-lived"
3,6065,6,"Long-lived"
3,46605,6,"Long-lived"
3,310,7,"Long-lived"
3,46272,6,"Long-lived"
3,46942,6,"Long-lived"
3,46002,6,"Long-lived"
3,47396,6,"Long-lived"
3,46724,6,"Long-lived"
3,47395,6,"Long-lived"
3,47394,6,"Long-lived"
3,3355,7,"Long-lived"
3,28,7,"Long-lived"
3,334,7,"Long-lived"
3,2854,7,"Long-lived"
3,47390,6,"Long-lived"
3,46974,6,"Long-lived"
3,6035,6,"Long-lived"
3,48109,6,"Long-lived"
3,12091,6,"Long-lived"
3,63467,6,"Long-lived"
3,6071,6,"Long-lived"
3,5922,6,"Long-lived"
3,62577,6,"Long-lived"
3,48415,6,"Long-lived"
3,55108,6,"Long-lived"
3,46811,6,"Long-lived"
3,60197,6,"Long-lived"
3,12036,6,"Long-lived"
3,45766,7,"Long-lived"
3,46764,6,"Long-lived"
3,72,6,"Long-lived"
3,12004,6,"Long-lived"
3,46768,6,"Long-lived"
3,49994,6,"Long-lived"
3,49993,6,"Long-lived"
3,25,7,"Long-lived"
3,2860,7,"Long-lived"
3,2658,7,"Long-lived"
3,32051,7,"Long-lived"
3,47025,6,"Long-lived"
3,46234,6,"Long-lived"
3,43452,7,"Long-lived"
3,37117,7,"Long-lived"
3,11457,7,"Long-lived"
3,55522,6,"Long-lived"
3,6113,6,"Long-lived"
3,48579,6,"Long-lived"
3,62825,6,"Long-lived"
3,62822,6,"Long-lived"
3,50005,6,"Long-lived"
3,6589,6,"Long-lived"
3,62616,6,"Long-lived"
3,50121,6,"Long-lived"
3,6578,6,"Long-lived"
3,6581,6,"Long-lived"
3,6561,6,"Long-lived"
3,6560,6,"Long-lived"
3,6536,6,"Long-lived"
3,47016,6,"Long-lived"
3,35805,7,"Long-lived"
3,63636,6,"Long-lived"
3,63634,6,"Long-lived"
3,6163,6,"Long-lived"
3,6130,6,"Long-lived"
3,6168,6,"Long-lived"
3,6145,6,"Long-lived"
3,46371,6,"Long-lived"
3,6466,6,"Long-lived"
3,6467,6,"Long-lived"
3,46719,6,"Long-lived"
3,47171,6,"Long-lived"
3,62828,6,"Long-lived"
3,46372,6,"Long-lived"
3,3451,7,"Long-lived"
3,46997,6,"Long-lived"
3,824,7,"Long-lived"
3,823,7,"Long-lived"
3,52504,7,"Long-lived"
3,6105,6,"Long-lived"
3,6352,6,"Long-lived"
3,77,7,"Long-lived"
3,6344,6,"Long-lived"
3,11940,6,"Long-lived"
3,38731,7,"Long-lived"
3,43726,7,"Long-lived"
3,64210,6,"Long-lived"
3,7098,6,"Long-lived"
3,6609,6,"Long-lived"
3,46981,6,"Long-lived"
3,46985,6,"Long-lived"
3,32033,7,"Long-lived"
3,4856,7,"Long-lived"
3,242,7,"Long-lived"
3,272,7,"Long-lived"
3,277,7,"Long-lived"
3,4872,7,"Long-lived"
3,6625,6,"Long-lived"
3,55116,6,"Long-lived"
3,46664,6,"Long-lived"
3,45427,7,"Long-lived"
3,196,6,"Long-lived"
3,6138,6,"Long-lived"
3,6111,6,"Long-lived"
3,6225,6,"Long-lived"
3,585,7,"Long-lived"
3,6094,6,"Long-lived"
3,300,7,"Long-lived"
3,6123,6,"Long-lived"
3,45907,6,"Long-lived"
3,6090,6,"Long-lived"
3,291,7,"Long-lived"
3,243,7,"Long-lived"
3,6077,6,"Long-lived"
3,6078,6,"Long-lived"
3,35382,6,"Long-lived"
3,350,7,"Long-lived"
3,6226,6,"Long-lived"
3,6085,6,"Long-lived"
3,35333,6,"Long-lived"
3,6575,6,"Long-lived"
3,32328,7,"Long-lived"
3,35226,6,"Long-lived"
3,57363,6,"Long-lived"
3,57364,6,"Long-lived"
3,57362,6,"Long-lived"
3,46374,6,"Long-lived"
3,32412,7,"Long-lived"
3,46923,6,"Long-lived"
3,6604,6,"Long-lived"
3,904,7,"Long-lived"
3,35309,6,"Long-lived"
3,52284,6,"Long-lived"
3,46542,6,"Long-lived"
3,52352,6,"Long-lived"
3,45997,6,"Long-lived"
3,6129,6,"Long-lived"
3,52350,6,"Long-lived"
3,6119,6,"Long-lived"
3,6096,6,"Long-lived"
3,6079,6,"Long-lived"
3,52349,6,"Long-lived"
3,62584,6,"Long-lived"
3,52348,6,"Long-lived"
3,46047,6,"Long-lived"
3,62568,6,"Long-lived"
3,5913,6,"Long-lived"
3,6036,6,"Long-lived"
3,12094,6,"Long-lived"
3,6056,6,"Long-lived"
3,46763,6,"Long-lived"
3,5912,6,"Long-lived"
3,12081,6,"Long-lived"
3,12080,6,"Long-lived"
3,36168,7,"Long-lived"
3,6067,6,"Long-lived"
3,46117,6,"Long-lived"
3,11987,6,"Long-lived"
3,32239,7,"Long-lived"
3,5920,6,"Long-lived"
3,5917,6,"Long-lived"
3,32079,7,"Long-lived"
3,62583,6,"Long-lived"
3,5918,6,"Long-lived"
3,6173,6,"Long-lived"
3,11947,6,"Long-lived"
3,32097,7,"Long-lived"
3,32555,7,"Long-lived"
3,31710,7,"Long-lived"
3,46140,6,"Long-lived"
3,12018,6,"Long-lived"
3,6598,6,"Long-lived"
3,6095,6,"Long-lived"
3,88096,7,"Long-lived"
3,39482,7,"Long-lived"
3,32442,7,"Long-lived"
3,6409,6,"Long-lived"
3,33436,7,"Long-lived"
3,55134,6,"Long-lived"
3,6109,6,"Long-lived"
3,39391,7,"Long-lived"
3,3303,7,"Long-lived"
3,2848,7,"Long-lived"
3,2695,7,"Long-lived"
3,32120,7,"Long-lived"
3,6066,6,"Long-lived"
3,6044,6,"Long-lived"
3,46054,6,"Long-lived"
3,46608,6,"Long-lived"
3,5941,6,"Long-lived"
3,11950,6,"Long-lived"
3,32049,7,"Long-lived"
3,34418,7,"Long-lived"
3,46539,6,"Long-lived"
3,54467,6,"Long-lived"
3,49772,6,"Long-lived"
3,908,7,"Long-lived"
3,43171,7,"Long-lived"
3,47926,6,"Long-lived"
3,88069,7,"Long-lived"
3,57598,6,"Long-lived"
3,142,7,"Long-lived"
3,83,7,"Long-lived"
3,45880,7,"Long-lived"
3,44836,7,"Long-lived"
3,36714,7,"Long-lived"
3,35313,6,"Long-lived"
3,12106,6,"Long-lived"
3,989,7,"Long-lived"
3,384,7,"Long-lived"
3,35301,6,"Long-lived"
3,7093,6,"Long-lived"
3,46980,6,"Long-lived"
3,32048,7,"Long-lived"
3,2815,7,"Long-lived"
3,45616,7,"Long-lived"
3,4312,7,"Long-lived"
3,46476,6,"Long-lived"
3,39731,7,"Long-lived"
3,6172,6,"Long-lived"
3,5985,6,"Long-lived"
3,6007,6,"Long-lived"
3,32325,7,"Long-lived"
3,47680,6,"Long-lived"
3,6099,6,"Long-lived"
3,6101,6,"Long-lived"
3,46720,6,"Long-lived"
3,32144,6,"Long-lived"
3,43334,7,"Long-lived"
3,44072,7,"Long-lived"
3,6033,6,"Long-lived"
3,230,7,"Long-lived"
3,64188,6,"Long-lived"
3,6464,6,"Long-lived"
3,35427,6,"Long-lived"
3,32284,7,"Long-lived"
3,46746,6,"Long-lived"
3,35391,6,"Long-lived"
3,6388,6,"Long-lived"
3,6355,6,"Long-lived"
3,34945,6,"Long-lived"
3,46141,6,"Long-lived"
3,49767,6,"Long-lived"
3,62827,6,"Long-lived"
3,36999,7,"Long-lived"
3,35312,6,"Long-lived"
3,6041,6,"Long-lived"
3,12033,6,"Long-lived"
3,43924,7,"Long-lived"
3,12021,6,"Long-lived"
3,12020,6,"Long-lived"
3,21,7,"Long-lived"
3,33711,6,"Long-lived"
3,39709,7,"Long-lived"
3,5921,6,"Long-lived"
3,10883,6,"Long-lived"
3,11979,6,"Long-lived"
3,6107,6,"Long-lived"
3,11958,6,"Long-lived"
3,63465,6,"Long-lived"
3,12109,6,"Long-lived"
3,12099,6,"Long-lived"
3,12104,6,"Long-lived"
3,32438,7,"Long-lived"
3,12100,6,"Long-lived"
3,31699,7,"Long-lived"
3,6925,6,"Long-lived"
3,35220,6,"Long-lived"
3,12096,6,"Long-lived"
3,31654,7,"Long-lived"
3,12075,6,"Long-lived"
3,12089,6,"Long-lived"
3,12017,6,"Long-lived"
3,6073,6,"Long-lived"
3,12010,6,"Long-lived"
3,42973,7,"Long-lived"
3,35164,6,"Long-lived"
3,12077,6,"Long-lived"
3,32858,7,"Long-lived"
3,35157,6,"Long-lived"
3,12066,6,"Long-lived"
3,12065,6,"Long-lived"
3,12064,6,"Long-lived"
3,12059,6,"Long-lived"
3,12058,6,"Long-lived"
3,12057,6,"Long-lived"
3,35005,6,"Long-lived"
3,59253,6,"Long-lived"
3,43707,7,"Long-lived"
3,45620,7,"Long-lived"
3,43614,7,"Long-lived"
3,6611,6,"Long-lived"
3,12014,6,"Long-lived"
3,12006,6,"Long-lived"
3,12013,6,"Long-lived"
3,63640,6,"Long-lived"
3,12007,6,"Long-lived"
3,60092,6,"Long-lived"
3,49679,6,"Long-lived"
3,6088,6,"Long-lived"
3,46376,6,"Long-lived"
3,46862,6,"Long-lived"
3,11999,6,"Long-lived"
3,11995,6,"Long-lived"
3,6072,6,"Long-lived"
3,11994,6,"Long-lived"
3,11993,6,"Long-lived"
3,6132,6,"Long-lived"
3,6040,6,"Long-lived"
3,11989,6,"Long-lived"
3,11988,6,"Long-lived"
3,11981,6,"Long-lived"
3,38568,7,"Long-lived"
3,6465,6,"Long-lived"
3,34417,7,"Long-lived"
3,44245,7,"Long-lived"
3,31639,7,"Long-lived"
3,81120,7,"Long-lived"
3,6081,6,"Long-lived"
3,65533,6,"Long-lived"
3,44433,7,"Long-lived"
3,6093,6,"Long-lived"
3,68592,6,"Long-lived"
3,11942,6,"Long-lived"
3,51606,6,"Long-lived"
3,44263,7,"Long-lived"
3,47720,6,"Long-lived"
3,37212,7,"Long-lived"
3,46808,6,"Long-lived"
3,6333,6,"Long-lived"
3,31910,7,"Long-lived"
3,32563,7,"Long-lived"
3,33715,6,"Long-lived"
3,6124,6,"Long-lived"
3,47117,6,"Long-lived"
3,6540,6,"Long-lived"
3,62565,6,"Long-lived"
3,78116,7,"Long-lived"
3,32297,7,"Long-lived"
3,44438,7,"Long-lived"
3,37799,7,"Long-lived"
3,7109,6,"Long-lived"
3,6563,6,"Long-lived"
3,32357,7,"Long-lived"
3,6091,6,"Long-lived"
3,5986,6,"Long-lived"
3,32443,7,"Long-lived"
3,38090,7,"Long-lived"
3,6083,6,"Long-lived"
3,47593,6,"Long-lived"
3,6117,6,"Long-lived"
3,52941,6,"Long-lived"
3,6131,6,"Long-lived"
3,7068,6,"Long-lived"
3,35430,6,"Long-lived"
3,47743,6,"Long-lived"
3,46916,6,"Long-lived"
3,52465,6,"Long-lived"
3,32860,7,"Long-lived"
3,7425,6,"Long-lived"
3,35426,6,"Long-lived"
3,55041,6,"Long-lived"
3,47715,6,"Long-lived"
3,68529,6,"Long-lived"
3,32098,7,"Long-lived"
3,35009,6,"Long-lived"
3,7126,6,"Long-lived"
3,62233,6,"Long-lived"
3,54902,6,"Long-lived"
3,32286,7,"Long-lived"
3,63986,6,"Long-lived"
3,6610,6,"Long-lived"
3,37095,7,"Long-lived"
3,6110,6,"Long-lived"
3,33710,6,"Long-lived"
3,6554,6,"Long-lived"
3,7124,6,"Long-lived"
3,6517,6,"Long-lived"
3,5988,6,"Long-lived"
3,32550,7,"Long-lived"
3,32290,7,"Long-lived"
3,44738,7,"Long-lived"
3,5915,6,"Long-lived"
3,38788,7,"Long-lived"
3,12043,6,"Long-lived"
3,62585,6,"Long-lived"
3,44648,7,"Long-lived"
3,5940,6,"Long-lived"
3,6128,6,"Long-lived"
3,5987,6,"Long-lived"
3,46064,6,"Long-lived"
3,33685,7,"Long-lived"
3,46068,6,"Long-lived"
3,52922,6,"Long-lived"
3,49769,6,"Long-lived"
3,43990,7,"Long-lived"
3,36174,7,"Long-lived"
3,11998,6,"Long-lived"
3,34472,7,"Long-lived"
3,35141,6,"Long-lived"
3,32859,7,"Long-lived"
3,6228,6,"Long-lived"
3,32386,7,"Long-lived"
3,36204,7,"Long-lived"
3,44042,6,"Long-lived"
3,6154,6,"Long-lived"
3,31873,7,"Long-lived"
3,47211,6,"Long-lived"
3,55139,6,"Long-lived"
3,31738,7,"Long-lived"
3,60028,6,"Long-lived"
3,5963,6,"Long-lived"
3,5914,6,"Long-lived"
3,32102,7,"Long-lived"
3,6590,6,"Long-lived"
3,35343,6,"Long-lived"
3,6582,6,"Long-lived"
3,36506,7,"Long-lived"
3,43925,7,"Long-lived"
3,37808,7,"Long-lived"
3,47154,6,"Long-lived"
3,64058,6,"Long-lived"
3,32292,7,"Long-lived"
3,6082,6,"Long-lived"
3,45873,7,"Long-lived"
3,6499,6,"Long-lived"
3,6497,6,"Long-lived"
3,39025,7,"Long-lived"
3,43947,7,"Long-lived"
3,43634,7,"Long-lived"
3,45877,7,"Long-lived"
3,6169,6,"Long-lived"
3,66746,6,"Long-lived"
3,47182,6,"Long-lived"
3,45867,7,"Long-lived"
3,39943,7,"Long-lived"
3,6461,6,"Long-lived"
3,6170,6,"Long-lived"
3,35418,6,"Long-lived"
3,5904,6,"Long-lived"
3,6227,6,"Long-lived"
3,33084,7,"Long-lived"
3,59251,6,"Long-lived"
3,32234,7,"Long-lived"
3,31572,7,"Long-lived"
3,32276,7,"Long-lived"
3,52513,6,"Long-lived"
3,51607,6,"Long-lived"
3,52975,6,"Long-lived"
3,46253,6,"Long-lived"
3,46422,6,"Long-lived"
3,35006,6,"Long-lived"
3,35001,6,"Long-lived"
3,62234,6,"Long-lived"
3,12086,6,"Long-lived"
3,6042,6,"Long-lived"
3,47697,6,"Long-lived"
3,55441,6,"Long-lived"
3,6121,6,"Long-lived"
3,44411,7,"Long-lived"
3,55098,6,"Long-lived"
3,6493,6,"Long-lived"
3,32037,7,"Long-lived"
3,52982,6,"Long-lived"
3,49242,6,"Long-lived"
3,64433,7,"Long-lived"
3,33722,6,"Long-lived"
3,32052,7,"Long-lived"
3,45521,7,"Long-lived"
3,58619,6,"Long-lived"
3,33552,7,"Long-lived"
3,45458,7,"Long-lived"
3,55060,6,"Long-lived"
3,65020,6,"Long-lived"
3,52939,6,"Long-lived"
3,36476,6,"Long-lived"
3,35428,6,"Long-lived"
3,55357,6,"Long-lived"
3,47023,6,"Long-lived"
3,46116,6,"Long-lived"
3,52246,6,"Long-lived"
3,44070,7,"Long-lived"
3,59193,6,"Long-lived"
3,54438,6,"Long-lived"
3,32227,6,"Long-lived"
3,6144,6,"Long-lived"
3,54981,6,"Long-lived"
3,32241,7,"Long-lived"
3,46675,6,"Long-lived"
3,35276,6,"Long-lived"
3,35013,6,"Long-lived"
3,62748,6,"Long-lived"
3,46154,6,"Long-lived"
3,55358,6,"Long-lived"
3,59027,7,"Long-lived"
3,31636,7,"Long-lived"
3,31740,7,"Long-lived"
3,6559,6,"Long-lived"
3,6917,6,"Long-lived"
3,32260,7,"Long-lived"
3,32630,7,"Long-lived"
3,64206,6,"Long-lived"
3,55043,6,"Long-lived"
3,38801,7,"Long-lived"
3,6125,6,"Long-lived"
3,34477,7,"Long-lived"
3,45786,7,"Long-lived"
3,5962,6,"Long-lived"
3,6037,6,"Long-lived"
3,35228,6,"Long-lived"
3,46062,6,"Long-lived"
3,47172,6,"Long-lived"
3,51034,6,"Long-lived"
3,32326,7,"Long-lived"
3,32242,7,"Long-lived"
3,11967,6,"Long-lived"
3,46075,6,"Long-lived"
3,32121,7,"Long-lived"
3,31737,7,"Long-lived"
3,46566,6,"Long-lived"
3,46109,6,"Long-lived"
3,96581,7,"Long-lived"
3,35300,6,"Long-lived"
3,32262,7,"Long-lived"
3,32122,7,"Long-lived"
3,47738,6,"Long-lived"
3,6043,6,"Long-lived"
3,45875,7,"Long-lived"
3,46065,6,"Long-lived"
3,37069,7,"Long-lived"
3,46606,6,"Long-lived"
3,46745,6,"Long-lived"
3,60247,6,"Long-lived"
3,43139,7,"Long-lived"
3,12088,6,"Long-lived"
3,45889,6,"Long-lived"
3,46472,6,"Long-lived"
3,32238,7,"Long-lived"
3,6038,6,"Long-lived"
3,36256,7,"Long-lived"
3,35322,6,"Long-lived"
3,47741,6,"Long-lived"
3,46914,6,"Long-lived"
3,32352,7,"Long-lived"
3,39942,7,"Long-lived"
3,32118,7,"Long-lived"
3,46766,6,"Long-lived"
3,33085,7,"Long-lived"
3,35405,6,"Long-lived"
3,37070,7,"Long-lived"
3,48208,6,"Long-lived"
3,46385,6,"Long-lived"
3,46142,6,"Long-lived"
3,32329,7,"Long-lived"
3,35219,6,"Long-lived"
3,46744,6,"Long-lived"
3,35295,6,"Long-lived"
3,32050,7,"Long-lived"
3,46743,6,"Long-lived"
3,46945,6,"Long-lived"
3,47157,6,"Long-lived"
3,47034,6,"Long-lived"
3,45482,7,"Long-lived"
3,50123,6,"Long-lived"
3,32280,7,"Long-lived"
3,47716,6,"Long-lived"
3,52921,6,"Long-lived"
3,45898,6,"Long-lived"
3,31648,7,"Long-lived"
3,50240,6,"Long-lived"
3,35216,6,"Long-lived"
3,55109,6,"Long-lived"
3,46353,6,"Long-lived"
3,46747,6,"Long-lived"
3,32244,7,"Long-lived"
3,55042,6,"Long-lived"
3,44743,7,"Long-lived"
3,35227,6,"Long-lived"
3,32215,7,"Long-lived"
3,32460,7,"Long-lived"
3,65313,6,"Long-lived"
3,34970,6,"Long-lived"
3,63724,6,"Long-lived"
3,32027,7,"Long-lived"
3,46790,6,"Long-lived"
3,6086,6,"Long-lived"
3,46658,6,"Long-lived"
3,6519,6,"Long-lived"
3,32243,7,"Long-lived"
3,46097,6,"Long-lived"
3,39116,7,"Long-lived"
3,44522,7,"Long-lived"
3,37064,7,"Long-lived"
3,32270,6,"Long-lived"
3,59722,6,"Long-lived"
3,31646,7,"Long-lived"
3,35221,6,"Long-lived"
3,55467,6,"Long-lived"
3,34384,7,"Long-lived"
3,55079,6,"Long-lived"
3,60013,6,"Long-lived"
3,60246,6,"Long-lived"
3,32233,7,"Long-lived"
3,46156,6,"Long-lived"
3,47014,6,"Long-lived"
3,58620,6,"Long-lived"
3,32627,7,"Long-lived"
3,37689,7,"Long-lived"
3,60211,6,"Long-lived"
3,46860,6,"Long-lived"
3,73694,7,"Long-lived"
3,55110,6,"Long-lived"
3,33229,7,"Long-lived"
3,73693,7,"Long-lived"
3,32149,7,"Long-lived"
3,58317,6,"Long-lived"
3,34973,6,"Long-lived"
3,32224,7,"Long-lived"
3,58621,6,"Long-lived"
3,73377,6,"Long-lived"
3,43696,7,"Long-lived"
3,62572,6,"Long-lived"
3,63985,6,"Long-lived"
3,38787,7,"Long-lived"
3,44745,7,"Long-lived"
3,32071,7,"Long-lived"
3,33356,7,"Long-lived"
3,62586,6,"Long-lived"
3,45381,7,"Long-lived"
3,47145,6,"Long-lived"
3,39845,7,"Long-lived"
3,35268,6,"Long-lived"
3,45994,6,"Long-lived"
3,32117,7,"Long-lived"
4,377,10,"Long-lived"
4,1023,9,"Long-lived"
4,4835,10,"Long-lived"
4,5025,10,"Long-lived"
4,1150,8,"Long-lived"
4,4212,10,"Long-lived"
4,31,10,"Long-lived"
4,13069,9,"Long-lived"
4,155,10,"Long-lived"
4,809,10,"Long-lived"
4,4439,10,"Long-lived"
4,806,10,"Long-lived"
4,3832,10,"Long-lived"
4,1076,10,"Long-lived"
4,5050,9,"Long-lived"
4,3920,10,"Long-lived"
4,4449,10,"Long-lived"
4,4593,10,"Long-lived"
4,3969,10,"Long-lived"
4,3921,10,"Long-lived"
4,3799,10,"Long-lived"
4,4590,10,"Long-lived"
4,4065,9,"Long-lived"
4,14637,9,"Long-lived"
4,4209,10,"Long-lived"
4,3825,10,"Long-lived"
4,3633,10,"Long-lived"
4,492,9,"Long-lived"
4,5624,9,"Long-lived"
4,33810,10,"Long-lived"
4,5381,9,"Long-lived"
4,811,10,"Long-lived"
4,4592,10,"Long-lived"
4,1168,8,"Long-lived"
4,1177,9,"Long-lived"
4,14016,9,"Long-lived"
4,20606,9,"Long-lived"
4,14272,9,"Long-lived"
4,3879,10,"Long-lived"
4,3793,10,"Long-lived"
4,4589,10,"Long-lived"
4,3525,10,"Long-lived"
4,14518,9,"Long-lived"
4,5242,10,"Long-lived"
4,13071,9,"Long-lived"
4,4220,10,"Long-lived"
4,3530,10,"Long-lived"
4,3522,10,"Long-lived"
4,5755,9,"Long-lived"
4,21893,9,"Long-lived"
4,5562,9,"Long-lived"
4,16787,9,"Long-lived"
4,397,9,"Long-lived"
4,378,10,"Long-lived"
4,13122,9,"Long-lived"
4,4208,10,"Long-lived"
4,20100,9,"Long-lived"
4,5382,9,"Long-lived"
4,12831,9,"Long-lived"
4,12934,9,"Long-lived"
4,4315,10,"Long-lived"
4,670,9,"Long-lived"
4,672,9,"Long-lived"
4,4215,10,"Long-lived"
4,62,10,"Long-lived"
4,21834,9,"Long-lived"
4,3889,10,"Long-lived"
4,21862,9,"Long-lived"
4,318,9,"Long-lived"
4,4596,10,"Long-lived"
4,21607,9,"Long-lived"
4,5739,9,"Long-lived"
4,12654,9,"Long-lived"
4,354,10,"Long-lived"
4,12902,9,"Long-lived"
4,20279,9,"Long-lived"
4,4831,10,"Long-lived"
4,996,9,"Long-lived"
4,3877,10,"Long-lived"
4,4829,10,"Long-lived"
4,5314,10,"Long-lived"
4,4619,10,"Long-lived"
4,13200,9,"Long-lived"
4,12973,9,"Long-lived"
4,4624,10,"Long-lived"
4,14476,9,"Long-lived"
4,7360,9,"Long-lived"
4,4218,10,"Long-lived"
4,1178,9,"Long-lived"
4,20603,9,"Long-lived"
4,12939,9,"Long-lived"
4,3977,9,"Long-lived"
4,15996,9,"Long-lived"
4,19531,9,"Long-lived"
4,3871,10,"Long-lived"
4,16008,9,"Long-lived"
4,12896,9,"Long-lived"
4,5112,9,"Long-lived"
4,3776,10,"Long-lived"
4,20071,9,"Long-lived"
4,3976,9,"Long-lived"
4,368,9,"Long-lived"
4,424,8,"Long-lived"
4,671,9,"Long-lived"
4,5743,9,"Long-lived"
4,5640,9,"Long-lived"
4,16335,9,"Long-lived"
4,154,10,"Long-lived"
4,5329,10,"Long-lived"
4,3584,10,"Long-lived"
4,17076,9,"Long-lived"
4,16672,9,"Long-lived"
4,16667,9,"Long-lived"
4,4595,10,"Long-lived"
4,14023,9,"Long-lived"
4,4594,10,"Long-lived"
4,5909,8,"Long-lived"
4,5716,9,"Long-lived"
4,14396,9,"Long-lived"
4,12949,9,"Long-lived"
4,1032,9,"Long-lived"
4,114,8,"Long-lived"
4,12970,9,"Long-lived"
4,21089,9,"Long-lived"
4,5384,9,"Long-lived"
4,338,9,"Long-lived"
4,815,10,"Long-lived"
4,15285,9,"Long-lived"
4,4148,9,"Long-lived"
4,12894,9,"Long-lived"
4,21237,9,"Long-lived"
4,450,10,"Long-lived"
4,15976,9,"Long-lived"
4,805,10,"Long-lived"
4,428,10,"Long-lived"
4,802,10,"Long-lived"
4,14679,9,"Long-lived"
4,3849,10,"Long-lived"
4,4317,10,"Long-lived"
4,674,9,"Long-lived"
4,4048,9,"Long-lived"
4,5078,9,"Long-lived"
4,3774,10,"Long-lived"
4,3689,10,"Long-lived"
4,14748,9,"Long-lived"
4,3587,10,"Long-lived"
4,5712,9,"Long-lived"
4,33993,8,"Long-lived"
4,4602,10,"Long-lived"
4,4603,10,"Long-lived"
4,21838,9,"Long-lived"
4,16306,9,"Long-lived"
4,12836,9,"Long-lived"
4,13087,9,"Long-lived"
4,13070,9,"Long-lived"
4,16507,9,"Long-lived"
4,16506,9,"Long-lived"
4,17091,9,"Long-lived"
4,12906,9,"Long-lived"
4,21796,9,"Long-lived"
4,21127,9,"Long-lived"
4,21125,9,"Long-lived"
4,21123,9,"Long-lived"
4,3529,10,"Long-lived"
4,9893,9,"Long-lived"
4,5383,9,"Long-lived"
4,20592,9,"Long-lived"
4,814,10,"Long-lived"
4,812,10,"Long-lived"
4,1166,10,"Long-lived"
4,12782,9,"Long-lived"
4,808,10,"Long-lived"
4,21878,9,"Long-lived"
4,16674,9,"Long-lived"
4,803,10,"Long-lived"
4,13485,9,"Long-lived"
4,21355,9,"Long-lived"
4,21285,9,"Long-lived"
4,21587,9,"Long-lived"
4,49,10,"Long-lived"
4,3813,10,"Long-lived"
4,12852,9,"Long-lived"
4,5969,8,"Long-lived"
4,5702,9,"Long-lived"
4,1189,9,"Long-lived"
4,669,9,"Long-lived"
4,3840,9,"Long-lived"
4,15926,9,"Long-lived"
4,12850,9,"Long-lived"
4,33991,8,"Long-lived"
4,3827,10,"Long-lived"
4,21342,9,"Long-lived"
4,5644,9,"Long-lived"
4,14029,9,"Long-lived"
4,14031,9,"Long-lived"
4,4620,10,"Long-lived"
4,15210,9,"Long-lived"
4,4660,9,"Long-lived"
4,4833,10,"Long-lived"
4,12839,9,"Long-lived"
4,4623,10,"Long-lived"
4,12887,9,"Long-lived"
4,4825,10,"Long-lived"
4,69144,8,"Long-lived"
4,12928,9,"Long-lived"
4,14662,9,"Long-lived"
4,3429,9,"Long-lived"
4,6905,8,"Long-lived"
4,4605,10,"Long-lived"
4,5875,8,"Long-lived"
4,13127,9,"Long-lived"
4,12818,9,"Long-lived"
4,13128,9,"Long-lived"
4,737,8,"Long-lived"
4,14736,9,"Long-lived"
4,20594,9,"Long-lived"
4,21800,9,"Long-lived"
4,21346,9,"Long-lived"
4,4367,9,"Long-lived"
4,20003,9,"Long-lived"
4,4318,10,"Long-lived"
4,12835,9,"Long-lived"
4,351,10,"Long-lived"
4,16819,9,"Long-lived"
4,408,9,"Long-lived"
4,5052,9,"Long-lived"
4,16798,9,"Long-lived"
4,5721,9,"Long-lived"
4,5729,9,"Long-lived"
4,21880,9,"Long-lived"
4,20855,9,"Long-lived"
4,13217,9,"Long-lived"
4,13263,9,"Long-lived"
4,12778,9,"Long-lived"
4,4054,9,"Long-lived"
4,5625,9,"Long-lived"
4,1173,10,"Long-lived"
4,12888,9,"Long-lived"
4,12927,9,"Long-lived"
4,5968,9,"Long-lived"
4,12630,9,"Long-lived"
4,376,10,"Long-lived"
4,115,8,"Long-lived"
4,20378,9,"Long-lived"
4,21202,9,"Long-lived"
4,21184,9,"Long-lived"
4,21173,9,"Long-lived"
4,21172,9,"Long-lived"
4,13055,9,"Long-lived"
4,17038,9,"Long-lived"
4,4221,10,"Long-lived"
4,21590,9,"Long-lived"
4,12898,9,"Long-lived"
4,4217,10,"Long-lived"
4,20099,9,"Long-lived"
4,4214,10,"Long-lived"
4,21327,9,"Long-lived"
4,5901,9,"Long-lived"
4,20040,9,"Long-lived"
4,9875,9,"Long-lived"
4,13433,9,"Long-lived"
4,4205,10,"Long-lived"
4,3815,10,"Long-lived"
4,13208,9,"Long-lived"
4,13720,9,"Long-lived"
4,19547,9,"Long-lived"
4,21901,9,"Long-lived"
4,14607,9,"Long-lived"
4,21319,9,"Long-lived"
4,13411,9,"Long-lived"
4,20967,9,"Long-lived"
4,15954,9,"Long-lived"
4,3585,10,"Long-lived"
4,12851,9,"Long-lived"
4,32012,10,"Long-lived"
4,5368,9,"Long-lived"
4,13043,9,"Long-lived"
4,15245,9,"Long-lived"
4,20108,9,"Long-lived"
4,65224,8,"Long-lived"
4,3507,9,"Long-lived"
4,20866,9,"Long-lived"
4,5529,10,"Long-lived"
4,5519,10,"Long-lived"
4,5596,10,"Long-lived"
4,5588,10,"Long-lived"
4,5580,10,"Long-lived"
4,5572,10,"Long-lived"
4,5033,9,"Long-lived"
4,5618,10,"Long-lived"
4,13083,9,"Long-lived"
4,5507,10,"Long-lived"
4,5497,10,"Long-lived"
4,5487,10,"Long-lived"
4,5477,10,"Long-lived"
4,12840,9,"Long-lived"
4,12899,9,"Long-lived"
4,4211,10,"Long-lived"
4,21798,9,"Long-lived"
4,16533,9,"Long-lived"
4,4206,10,"Long-lived"
4,21589,9,"Long-lived"
4,66739,8,"Long-lived"
4,21586,9,"Long-lived"
4,21585,9,"Long-lived"
4,21584,9,"Long-lived"
4,1188,9,"Long-lived"
4,4298,10,"Long-lived"
4,4296,10,"Long-lived"
4,15924,9,"Long-lived"
4,15925,9,"Long-lived"
4,16811,9,"Long-lived"
4,21347,9,"Long-lived"
4,21359,9,"Long-lived"
4,663,8,"Long-lived"
4,21811,9,"Long-lived"
4,12663,9,"Long-lived"
4,13044,9,"Long-lived"
4,21850,9,"Long-lived"
4,12971,9,"Long-lived"
4,12883,9,"Long-lived"
4,13130,9,"Long-lived"
4,13109,9,"Long-lived"
4,4827,10,"Long-lived"
4,12837,9,"Long-lived"
4,12312,9,"Long-lived"
4,367,9,"Long-lived"
4,21373,9,"Long-lived"
4,16660,9,"Long-lived"
4,21121,9,"Long-lived"
4,21120,9,"Long-lived"
4,14274,9,"Long-lived"
4,14264,9,"Long-lived"
4,12889,9,"Long-lived"
4,14680,9,"Long-lived"
4,13049,9,"Long-lived"
4,452,10,"Long-lived"
4,453,10,"Long-lived"
4,82526,8,"Long-lived"
4,16003,9,"Long-lived"
4,21588,9,"Long-lived"
4,21287,9,"Long-lived"
4,5046,9,"Long-lived"
4,5076,9,"Long-lived"
4,5077,9,"Long-lived"
4,16809,9,"Long-lived"
4,16812,9,"Long-lived"
4,4931,9,"Long-lived"
4,5741,9,"Long-lived"
4,638,9,"Long-lived"
4,383,10,"Long-lived"
4,4608,10,"Long-lived"
4,5614,10,"Long-lived"
4,5604,10,"Long-lived"
4,5511,10,"Long-lived"
4,5501,10,"Long-lived"
4,5491,10,"Long-lived"
4,5481,10,"Long-lived"
4,64,10,"Long-lived"
4,3848,10,"Long-lived"
4,33,10,"Long-lived"
4,339,9,"Long-lived"
4,4491,9,"Long-lived"
4,4588,10,"Long-lived"
4,20860,9,"Long-lived"
4,5048,9,"Long-lived"
4,117,11,"Long-lived"
4,12882,9,"Long-lived"
4,14497,9,"Long-lived"
4,3979,10,"Long-lived"
4,5040,9,"Long-lived"
4,21899,9,"Long-lived"
4,21891,9,"Long-lived"
4,3577,10,"Long-lived"
4,21096,9,"Long-lived"
4,21881,9,"Long-lived"
4,16302,9,"Long-lived"
4,21299,9,"Long-lived"
4,14246,8,"Long-lived"
4,1196,9,"Long-lived"
4,7357,8,"Long-lived"
4,799,10,"Long-lived"
4,4357,9,"Long-lived"
4,1174,10,"Long-lived"
4,3830,10,"Long-lived"
4,1169,11,"Long-lived"
4,69,10,"Long-lived"
4,1159,8,"Long-lived"
4,73,10,"Long-lived"
4,3590,10,"Long-lived"
4,21309,9,"Long-lived"
4,21239,9,"Long-lived"
4,14729,9,"Long-lived"
4,20963,9,"Long-lived"
4,3978,9,"Long-lived"
4,20029,9,"Long-lived"
4,20032,9,"Long-lived"
4,20280,9,"Long-lived"
4,20278,9,"Long-lived"
4,13050,9,"Long-lived"
4,12975,9,"Long-lived"
4,21842,9,"Long-lived"
4,21229,9,"Long-lived"
4,15249,9,"Long-lived"
4,12937,9,"Long-lived"
4,20865,9,"Long-lived"
4,14262,9,"Long-lived"
4,13199,9,"Long-lived"
4,21888,9,"Long-lived"
4,14660,9,"Long-lived"
4,12777,9,"Long-lived"
4,12780,9,"Long-lived"
4,20604,9,"Long-lived"
4,12929,9,"Long-lived"
4,12974,9,"Long-lived"
4,16320,9,"Long-lived"
4,21181,9,"Long-lived"
4,13136,9,"Long-lived"
4,21358,9,"Long-lived"
4,13249,9,"Long-lived"
4,4368,9,"Long-lived"
4,5464,8,"Long-lived"
4,20042,9,"Long-lived"
4,3887,10,"Long-lived"
4,3838,10,"Long-lived"
4,12991,9,"Long-lived"
4,66737,8,"Long-lived"
4,21583,9,"Long-lived"
4,21581,9,"Long-lived"
4,13041,9,"Long-lived"
4,14603,9,"Long-lived"
4,21366,9,"Long-lived"
4,21890,9,"Long-lived"
4,21356,9,"Long-lived"
4,12936,9,"Long-lived"
4,20607,9,"Long-lived"
4,12972,9,"Long-lived"
4,21341,9,"Long-lived"
4,21334,9,"Long-lived"
4,13578,9,"Long-lived"
4,21836,9,"Long-lived"
4,13203,9,"Long-lived"
4,13198,9,"Long-lived"
4,13195,9,"Long-lived"
4,20370,9,"Long-lived"
4,20973,9,"Long-lived"
4,20608,9,"Long-lived"
4,12315,9,"Long-lived"
4,20600,9,"Long-lived"
4,4092,9,"Long-lived"
4,1162,8,"Long-lived"
4,3443,10,"Long-lived"
4,3441,10,"Long-lived"
4,3439,10,"Long-lived"
4,3437,10,"Long-lived"
4,3435,10,"Long-lived"
4,3433,10,"Long-lived"
4,5024,10,"Long-lived"
4,5022,10,"Long-lived"
4,9823,9,"Long-lived"
4,4493,9,"Long-lived"
4,10131,9,"Long-lived"
4,15998,9,"Long-lived"
4,15974,9,"Long-lived"
4,1103,10,"Long-lived"
4,21353,9,"Long-lived"
4,12976,9,"Long-lived"
4,5714,9,"Long-lived"
4,13742,9,"Long-lived"
4,5651,9,"Long-lived"
4,14750,9,"Long-lived"
4,21895,9,"Long-lived"
4,12895,9,"Long-lived"
4,12931,9,"Long-lived"
4,16321,9,"Long-lived"
4,16314,9,"Long-lived"
4,16315,9,"Long-lived"
4,321,9,"Long-lived"
4,16313,9,"Long-lived"
4,5622,9,"Long-lived"
4,21854,9,"Long-lived"
4,14235,9,"Long-lived"
4,14236,9,"Long-lived"
4,14230,9,"Long-lived"
4,16492,9,"Long-lived"
4,16493,9,"Long-lived"
4,15482,9,"Long-lived"
4,14013,9,"Long-lived"
4,21272,9,"Long-lived"
4,21363,9,"Long-lived"
4,21902,9,"Long-lived"
4,21896,9,"Long-lived"
4,5240,10,"Long-lived"
4,12900,9,"Long-lived"
4,13046,9,"Long-lived"
4,21884,9,"Long-lived"
4,21846,9,"Long-lived"
4,21874,9,"Long-lived"
4,21867,9,"Long-lived"
4,21869,9,"Long-lived"
4,21868,9,"Long-lived"
4,800,10,"Long-lived"
4,12775,9,"Long-lived"
4,4320,10,"Long-lived"
4,13214,9,"Long-lived"
4,12938,9,"Long-lived"
4,4068,9,"Long-lived"
4,21328,9,"Long-lived"
4,21814,9,"Long-lived"
4,19546,9,"Long-lived"
4,13994,9,"Long-lived"
4,13427,9,"Long-lived"
4,13423,9,"Long-lived"
4,32,10,"Long-lived"
4,4189,8,"Long-lived"
4,3586,10,"Long-lived"
4,546,10,"Long-lived"
4,12810,9,"Long-lived"
4,12769,9,"Long-lived"
4,21606,9,"Long-lived"
4,21605,9,"Long-lived"
4,21604,9,"Long-lived"
4,12919,9,"Long-lived"
4,37,10,"Long-lived"
4,61,10,"Long-lived"
4,71,9,"Long-lived"
4,557,9,"Long-lived"
4,12752,9,"Long-lived"
4,14253,9,"Long-lived"
4,6927,8,"Long-lived"
4,3532,10,"Long-lived"
4,1077,9,"Long-lived"
4,20588,9,"Long-lived"
4,1074,10,"Long-lived"
4,20583,9,"Long-lived"
4,13191,9,"Long-lived"
4,12933,9,"Long-lived"
4,13134,9,"Long-lived"
4,13158,9,"Long-lived"
4,21157,9,"Long-lived"
4,1041,10,"Long-lived"
4,21599,9,"Long-lived"
4,21595,9,"Long-lived"
4,21336,9,"Long-lived"
4,4319,10,"Long-lived"
4,16756,9,"Long-lived"
4,13047,9,"Long-lived"
4,4316,10,"Long-lived"
4,12912,9,"Long-lived"
4,12932,9,"Long-lived"
4,14718,9,"Long-lived"
4,14606,9,"Long-lived"
4,11051,9,"Long-lived"
4,12823,9,"Long-lived"
4,16675,9,"Long-lived"
4,21051,9,"Long-lived"
4,5720,9,"Long-lived"
4,13465,9,"Long-lived"
4,15215,9,"Long-lived"
4,12770,9,"Long-lived"
4,13108,9,"Long-lived"
4,13727,9,"Long-lived"
4,13728,9,"Long-lived"
4,14635,9,"Long-lived"
4,14633,9,"Long-lived"
4,20868,9,"Long-lived"
4,20038,9,"Long-lived"
4,4334,10,"Long-lived"
4,21330,9,"Long-lived"
4,5244,10,"Long-lived"
4,20841,8,"Long-lived"
4,20829,8,"Long-lived"
4,20582,11,"Long-lived"
4,13126,9,"Long-lived"
4,17082,9,"Long-lived"
4,20004,9,"Long-lived"
4,13348,9,"Long-lived"
4,13988,9,"Long-lived"
4,20849,8,"Long-lived"
4,20106,9,"Long-lived"
4,4451,10,"Long-lived"
4,20083,9,"Long-lived"
4,21349,9,"Long-lived"
4,12890,9,"Long-lived"
4,13045,9,"Long-lived"
4,4667,9,"Long-lived"
4,12901,9,"Long-lived"
4,20853,8,"Long-lived"
4,14719,9,"Long-lived"
4,14717,9,"Long-lived"
4,14746,9,"Long-lived"
4,16777,9,"Long-lived"
4,21844,9,"Long-lived"
4,16678,9,"Long-lived"
4,12893,9,"Long-lived"
4,15952,9,"Long-lived"
4,21898,9,"Long-lived"
4,13435,9,"Long-lived"
4,15564,9,"Long-lived"
4,15212,9,"Long-lived"
4,13417,9,"Long-lived"
4,4290,9,"Long-lived"
4,13405,9,"Long-lived"
4,14287,9,"Long-lived"
4,5062,9,"Long-lived"
4,14664,9,"Long-lived"
4,4455,10,"Long-lived"
4,556,9,"Long-lived"
4,5245,10,"Long-lived"
4,21365,9,"Long-lived"
4,5243,10,"Long-lived"
4,20856,9,"Long-lived"
4,5241,10,"Long-lived"
4,645,9,"Long-lived"
4,5608,10,"Long-lived"
4,12903,9,"Long-lived"
4,21852,9,"Long-lived"
4,13687,9,"Long-lived"
4,3509,10,"Long-lived"
4,21579,9,"Long-lived"
4,13666,9,"Long-lived"
4,4450,10,"Long-lived"
4,3850,10,"Long-lived"
4,21500,9,"Long-lived"
4,15565,9,"Long-lived"
4,15581,9,"Long-lived"
4,12946,9,"Long-lived"
4,14270,9,"Long-lived"
4,3710,10,"Long-lived"
4,20570,9,"Long-lived"
4,12930,9,"Long-lived"
4,46203,8,"Long-lived"
4,13676,9,"Long-lived"
4,12989,9,"Long-lived"
4,14732,9,"Long-lived"
4,14313,9,"Long-lived"
4,12892,9,"Long-lived"
4,12891,9,"Long-lived"
4,13677,9,"Long-lived"
4,21307,9,"Long-lived"
4,13689,9,"Long-lived"
4,12316,9,"Long-lived"
5,4354,5,"Long-lived"
5,12428,5,"Long-lived"
5,69585,5,"Long-lived"
5,21545,5,"Long-lived"
5,56390,5,"Long-lived"
5,72034,5,"Long-lived"
5,13077,5,"Long-lived"
5,16684,5,"Long-lived"
5,50756,5,"Long-lived"
5,65369,5,"Long-lived"
5,16708,5,"Long-lived"
5,21549,5,"Long-lived"
5,12434,5,"Long-lived"
5,12392,5,"Long-lived"
5,10712,5,"Long-lived"
5,37206,5,"Long-lived"
5,70990,5,"Long-lived"
5,47322,5,"Long-lived"
5,73446,5,"Long-lived"
5,21553,5,"Long-lived"
5,5828,5,"Long-lived"
5,4154,5,"Long-lived"
5,81846,5,"Long-lived"
5,13082,5,"Long-lived"
5,80842,5,"Long-lived"
5,65372,5,"Long-lived"
5,9,5,"Long-lived"
5,177,5,"Long-lived"
5,13067,5,"Long-lived"
5,20686,5,"Long-lived"
5,65416,5,"Long-lived"
5,10636,5,"Long-lived"
5,56608,5,"Long-lived"
5,65049,5,"Long-lived"
5,78073,5,"Long-lived"
5,12680,5,"Long-lived"
5,75735,5,"Long-lived"
5,66222,5,"Long-lived"
5,2574,5,"Long-lived"
5,19421,5,"Long-lived"
5,75736,5,"Long-lived"
5,64961,5,"Long-lived"
5,56770,5,"Long-lived"
5,5829,5,"Long-lived"
5,12386,5,"Long-lived"
5,67707,5,"Long-lived"
5,56809,5,"Long-lived"
5,80850,5,"Long-lived"
5,10727,5,"Long-lived"
5,16824,5,"Long-lived"
5,1181,5,"Long-lived"
5,12880,5,"Long-lived"
5,65385,5,"Long-lived"
5,14987,5,"Long-lived"
5,4310,5,"Long-lived"
5,56675,5,"Long-lived"
5,15473,5,"Long-lived"
5,44441,5,"Long-lived"
5,20679,5,"Long-lived"
5,19484,5,"Long-lived"
5,43361,5,"Long-lived"
5,33706,5,"Long-lived"
5,71019,5,"Long-lived"
5,64972,5,"Long-lived"
5,14986,5,"Long-lived"
5,56150,5,"Long-lived"
5,4161,5,"Long-lived"
5,80810,5,"Long-lived"
5,21758,5,"Long-lived"
5,3943,5,"Long-lived"
5,21527,5,"Long-lived"
5,68151,5,"Long-lived"
5,10728,5,"Long-lived"
5,73943,5,"Long-lived"
5,5960,5,"Long-lived"
5,17014,5,"Long-lived"
5,65312,5,"Long-lived"
5,66893,5,"Long-lived"
5,80807,5,"Long-lived"
5,78124,5,"Long-lived"
5,13956,5,"Long-lived"
5,171,5,"Long-lived"
5,56123,5,"Long-lived"
5,74666,5,"Long-lived"
5,20688,5,"Long-lived"
5,13017,5,"Long-lived"
5,19425,5,"Long-lived"
5,80350,5,"Long-lived"
5,64967,5,"Long-lived"
5,19428,5,"Long-lived"
5,12436,5,"Long-lived"
5,5946,5,"Long-lived"
5,5830,5,"Long-lived"
5,56653,5,"Long-lived"
5,16035,5,"Long-lived"
5,91577,5,"Long-lived"
5,20675,5,"Long-lived"
5,12476,5,"Long-lived"
5,77333,5,"Long-lived"
5,10650,5,"Long-lived"
5,12411,5,"Long-lived"
5,69572,5,"Long-lived"
5,71654,5,"Long-lived"
5,19509,5,"Long-lived"
5,82455,5,"Long-lived"
5,15200,5,"Long-lived"
5,65170,5,"Long-lived"
5,69602,5,"Long-lived"
5,16100,5,"Long-lived"
5,12588,5,"Long-lived"
5,21528,5,"Long-lived"
5,81593,5,"Long-lived"
5,89769,5,"Long-lived"
5,80829,5,"Long-lived"
5,112,5,"Long-lived"
5,56519,5,"Long-lived"
5,13075,5,"Long-lived"
5,78075,5,"Long-lived"
5,76087,5,"Long-lived"
5,12427,5,"Long-lived"
5,16082,5,"Long-lived"
5,13086,5,"Long-lived"
5,10629,5,"Long-lived"
5,16036,5,"Long-lived"
5,20702,5,"Long-lived"
5,12484,5,"Long-lived"
5,64381,5,"Long-lived"
5,56830,5,"Long-lived"
5,10827,5,"Long-lived"
5,64379,5,"Long-lived"
5,14975,5,"Long-lived"
5,43220,5,"Long-lived"
5,451,5,"Long-lived"
5,158,5,"Long-lived"
5,21535,5,"Long-lived"
5,20682,5,"Long-lived"
5,80839,5,"Long-lived"
5,1201,5,"Long-lived"
5,73944,5,"Long-lived"
5,37785,5,"Long-lived"
5,69604,5,"Long-lived"
5,72033,5,"Long-lived"
5,776,5,"Long-lived"
5,12677,5,"Long-lived"
5,65165,5,"Long-lived"
5,80811,5,"Long-lived"
5,19493,5,"Long-lived"
5,19309,5,"Long-lived"
5,104,5,"Long-lived"
5,70988,5,"Long-lived"
5,80323,5,"Long-lived"
5,10720,5,"Long-lived"
5,56646,5,"Long-lived"
5,16712,5,"Long-lived"
5,64390,5,"Long-lived"
5,80994,5,"Long-lived"
5,56501,5,"Long-lived"
5,74674,5,"Long-lived"
5,74673,5,"Long-lived"
5,13091,5,"Long-lived"
5,19510,5,"Long-lived"
5,65344,5,"Long-lived"
5,56128,5,"Long-lived"
5,56360,5,"Long-lived"
5,20700,5,"Long-lived"
5,67709,5,"Long-lived"
5,12358,5,"Long-lived"
5,19513,5,"Long-lived"
5,72115,5,"Long-lived"
5,12375,5,"Long-lived"
5,14979,5,"Long-lived"
5,65380,5,"Long-lived"
5,16698,5,"Long-lived"
5,2717,5,"Long-lived"
5,65169,5,"Long-lived"
5,65342,5,"Long-lived"
5,19374,5,"Long-lived"
5,20681,5,"Long-lived"
5,19414,5,"Long-lived"
5,65166,5,"Long-lived"
5,180,5,"Long-lived"
5,20678,5,"Long-lived"
5,211,5,"Long-lived"
5,65059,5,"Long-lived"
5,188,5,"Long-lived"
5,4351,5,"Long-lived"
5,72461,5,"Long-lived"
5,12381,5,"Long-lived"
5,12877,5,"Long-lived"
5,5831,5,"Long-lived"
5,80346,5,"Long-lived"
5,19479,5,"Long-lived"
5,80847,5,"Long-lived"
5,3923,5,"Long-lived"
5,78141,5,"Long-lived"
5,16711,5,"Long-lived"
5,12570,5,"Long-lived"
5,13772,5,"Long-lived"
5,10635,5,"Long-lived"
5,5931,5,"Long-lived"
5,56173,5,"Long-lived"
5,10630,5,"Long-lived"
5,16699,5,"Long-lived"
5,5842,5,"Long-lived"
5,16691,5,"Long-lived"
5,16689,5,"Long-lived"
5,64973,5,"Long-lived"
5,20685,5,"Long-lived"
5,12405,5,"Long-lived"
5,94406,5,"Long-lived"
5,68142,5,"Long-lived"
5,68981,5,"Long-lived"
5,32423,5,"Long-lived"
5,37205,5,"Long-lived"
5,12387,5,"Long-lived"
5,65653,5,"Long-lived"
5,64382,5,"Long-lived"
5,21541,5,"Long-lived"
5,73922,5,"Long-lived"
5,19328,5,"Long-lived"
5,1200,5,"Long-lived"
5,63,5,"Long-lived"
5,65164,5,"Long-lived"
5,66918,5,"Long-lived"
5,56843,5,"Long-lived"
5,17089,5,"Long-lived"
5,64364,5,"Long-lived"
5,4321,5,"Long-lived"
5,195,5,"Long-lived"
5,21532,5,"Long-lived"
5,21536,5,"Long-lived"
5,10648,5,"Long-lived"
5,80348,5,"Long-lived"
5,45477,5,"Long-lived"
5,64971,5,"Long-lived"
5,65654,5,"Long-lived"
5,56521,5,"Long-lived"
5,5981,5,"Long-lived"
5,3938,5,"Long-lived"
5,65343,5,"Long-lived"
5,21560,5,"Long-lived"
5,767,5,"Long-lived"
5,12429,5,"Long-lived"
5,3448,5,"Long-lived"
5,64956,5,"Long-lived"
5,20497,5,"Long-lived"
5,40037,5,"Long-lived"
5,69621,5,"Long-lived"
5,3934,5,"Long-lived"
5,69592,5,"Long-lived"
5,65371,5,"Long-lived"
5,14985,5,"Long-lived"
5,77530,5,"Long-lived"
5,33704,5,"Long-lived"
5,19310,5,"Long-lived"
5,64344,5,"Long-lived"
5,12383,5,"Long-lived"
5,33705,5,"Long-lived"
5,12355,5,"Long-lived"
5,73942,5,"Long-lived"
5,38814,5,"Long-lived"
5,81990,5,"Long-lived"
5,42309,5,"Long-lived"
5,12679,5,"Long-lived"
5,68140,5,"Long-lived"
5,190,5,"Long-lived"
5,187,5,"Long-lived"
5,4322,5,"Long-lived"
5,72458,5,"Long-lived"
5,194,5,"Long-lived"
5,10642,5,"Long-lived"
5,193,5,"Long-lived"
5,3932,5,"Long-lived"
5,81641,5,"Long-lived"
5,10643,5,"Long-lived"
5,56845,5,"Long-lived"
5,65936,5,"Long-lived"
5,65935,5,"Long-lived"
5,10637,5,"Long-lived"
5,80352,5,"Long-lived"
5,56170,5,"Long-lived"
5,16704,5,"Long-lived"
5,82953,5,"Long-lived"
5,73562,5,"Long-lived"
5,37673,5,"Long-lived"
5,19375,5,"Long-lived"
5,5313,5,"Long-lived"
5,3955,5,"Long-lived"
5,70592,5,"Long-lived"
5,19502,5,"Long-lived"
5,65167,5,"Long-lived"
5,19481,5,"Long-lived"
5,14971,5,"Long-lived"
5,17016,5,"Long-lived"
5,17015,5,"Long-lived"
5,12432,5,"Long-lived"
5,56570,5,"Long-lived"
5,73921,5,"Long-lived"
5,70465,5,"Long-lived"
5,15685,5,"Long-lived"
5,19347,5,"Long-lived"
5,48247,5,"Long-lived"
5,67126,5,"Long-lived"
5,20677,5,"Long-lived"
5,80345,5,"Long-lived"
5,80827,5,"Long-lived"
5,12397,5,"Long-lived"
5,65159,5,"Long-lived"
5,21537,5,"Long-lived"
5,21558,5,"Long-lived"
5,67116,5,"Long-lived"
5,65061,5,"Long-lived"
5,12475,5,"Long-lived"
5,77060,5,"Long-lived"
5,81733,5,"Long-lived"
5,13825,5,"Long-lived"
5,12380,5,"Long-lived"
5,65381,5,"Long-lived"
5,10639,5,"Long-lived"
5,73941,5,"Long-lived"
5,12382,5,"Long-lived"
5,56330,5,"Long-lived"
5,56362,5,"Long-lived"
5,19503,5,"Long-lived"
5,21567,5,"Long-lived"
5,65101,5,"Long-lived"
5,16692,5,"Long-lived"
5,12435,5,"Long-lived"
5,344,5,"Long-lived"
5,80849,5,"Long-lived"
5,80837,5,"Long-lived"
5,64970,5,"Long-lived"
5,204,5,"Long-lived"
5,21562,5,"Long-lived"
5,82576,5,"Long-lived"
5,19420,5,"Long-lived"
5,12433,5,"Long-lived"
5,81076,5,"Long-lived"
5,64934,5,"Long-lived"
5,10645,5,"Long-lived"
5,64813,5,"Long-lived"
5,20680,5,"Long-lived"
5,4173,5,"Long-lived"
5,65379,5,"Long-lived"
5,19319,5,"Long-lived"
5,12558,5,"Long-lived"
5,68175,5,"Long-lived"
5,64968,5,"Long-lived"
5,21561,5,"Long-lived"
5,12406,5,"Long-lived"
5,20672,5,"Long-lived"
5,16697,5,"Long-lived"
5,38873,5,"Long-lived"
5,20711,5,"Long-lived"
5,12879,5,"Long-lived"
5,19448,5,"Long-lived"
5,3939,5,"Long-lived"
5,10710,5,"Long-lived"
5,45494,5,"Long-lived"
5,65058,5,"Long-lived"
5,66,5,"Long-lived"
5,12628,5,"Long-lived"
5,65099,5,"Long-lived"
5,65158,5,"Long-lived"
5,12394,5,"Long-lived"
5,94414,5,"Long-lived"
5,65045,5,"Long-lived"
5,16037,5,"Long-lived"
5,67708,5,"Long-lived"
5,37021,5,"Long-lived"
5,14983,5,"Long-lived"
5,14982,5,"Long-lived"
5,19492,5,"Long-lived"
5,82049,5,"Long-lived"
5,2667,5,"Long-lived"
5,19313,5,"Long-lived"
5,12356,5,"Long-lived"
5,3957,5,"Long-lived"
5,68172,5,"Long-lived"
5,16038,5,"Long-lived"
5,77059,5,"Long-lived"
5,44347,5,"Long-lived"
5,19324,5,"Long-lived"
5,50064,5,"Long-lived"
5,19465,5,"Long-lived"
5,10700,5,"Long-lived"
5,80809,5,"Long-lived"
5,14972,5,"Long-lived"
5,4540,5,"Long-lived"
5,48069,5,"Long-lived"
5,10633,5,"Long-lived"
5,19317,5,"Long-lived"
5,147,5,"Long-lived"
5,21577,5,"Long-lived"
5,3956,5,"Long-lived"
5,80353,5,"Long-lived"
5,12430,5,"Long-lived"
5,19325,5,"Long-lived"
5,80320,5,"Long-lived"
5,45432,5,"Long-lived"
5,1190,5,"Long-lived"
5,10719,5,"Long-lived"
5,68150,5,"Long-lived"
5,20707,5,"Long-lived"
5,80833,5,"Long-lived"
5,56491,5,"Long-lived"
5,3952,5,"Long-lived"
5,64826,5,"Long-lived"
5,427,5,"Long-lived"
5,37655,5,"Long-lived"
5,775,5,"Long-lived"
5,12870,5,"Long-lived"
5,19321,5,"Long-lived"
5,777,5,"Long-lived"
5,12878,5,"Long-lived"
5,19316,5,"Long-lived"
5,12400,5,"Long-lived"
5,66042,5,"Long-lived"
5,3953,5,"Long-lived"
5,10632,5,"Long-lived"
5,67114,5,"Long-lived"
5,10646,5,"Long-lived"
5,37654,5,"Long-lived"
5,77692,5,"Long-lived"
5,4133,5,"Long-lived"
5,20676,5,"Long-lived"
5,70992,5,"Long-lived"
5,12431,5,"Long-lived"
5,21568,5,"Long-lived"
5,56496,5,"Long-lived"
5,21578,5,"Long-lived"
5,20709,5,"Long-lived"
5,75521,5,"Long-lived"
5,44349,5,"Long-lived"
5,37672,5,"Long-lived"
5,65163,5,"Long-lived"
5,45475,5,"Long-lived"
5,80322,5,"Long-lived"
5,89,5,"Long-lived"
5,14981,5,"Long-lived"
5,67706,5,"Long-lived"
5,12359,5,"Long-lived"
5,16683,5,"Long-lived"
5,56730,5,"Long-lived"
5,3959,5,"Long-lived"
5,10641,5,"Long-lived"
5,10647,5,"Long-lived"
5,20673,5,"Long-lived"
5,20687,5,"Long-lived"
5,5827,5,"Long-lived"
5,64844,5,"Long-lived"
5,64822,5,"Long-lived"
5,1191,5,"Long-lived"
5,81988,5,"Long-lived"
5,3958,5,"Long-lived"
5,14976,5,"Long-lived"
5,68373,5,"Long-lived"
5,81994,5,"Long-lived"
5,65382,5,"Long-lived"
5,66919,5,"Long-lived"
5,64343,5,"Long-lived"
5,4136,5,"Long-lived"
5,44442,5,"Long-lived"
5,5961,5,"Long-lived"
5,65438,5,"Long-lived"
5,65370,5,"Long-lived"
5,65310,5,"Long-lived"
5,19320,5,"Long-lived"
5,21774,5,"Long-lived"
5,67123,5,"Long-lived"
6,133829,3,"Long-lived"
6,5824,4,"Long-lived"
6,38706,3,"Long-lived"
6,6628,4,"Long-lived"
6,38668,3,"Long-lived"
6,333,4,"Long-lived"
6,12992,3,"Long-lived"
6,41938,3,"Long-lived"
6,13823,3,"Long-lived"
6,2138,4,"Long-lived"
6,54920,3,"Long-lived"
6,13387,3,"Long-lived"
6,149496,3,"Long-lived"
6,87617,3,"Long-lived"
6,1350,4,"Long-lived"
6,38693,3,"Long-lived"
6,21603,3,"Long-lived"
6,12348,4,"Long-lived"
6,21602,3,"Long-lived"
6,38689,3,"Long-lived"
6,72813,3,"Long-lived"
6,32395,3,"Long-lived"
6,84461,3,"Long-lived"
6,64566,3,"Long-lived"
6,10828,4,"Long-lived"
6,87659,3,"Long-lived"
6,133217,3,"Long-lived"
6,5813,4,"Long-lived"
6,5877,4,"Long-lived"
6,38688,3,"Long-lived"
6,32248,3,"Long-lived"
6,82850,3,"Long-lived"
6,7352,3,"Long-lived"
6,97,4,"Long-lived"
6,1332,4,"Long-lived"
6,2770,4,"Long-lived"
6,12788,3,"Long-lived"
6,38660,3,"Long-lived"
6,57081,3,"Long-lived"
6,65082,3,"Long-lived"
6,46260,4,"Long-lived"
6,38691,3,"Long-lived"
6,38703,3,"Long-lived"
6,38705,3,"Long-lived"
6,21598,3,"Long-lived"
6,13095,4,"Long-lived"
6,32372,3,"Long-lived"
6,38695,3,"Long-lived"
6,84466,3,"Long-lived"
6,15258,3,"Long-lived"
6,84327,3,"Long-lived"
6,467,4,"Long-lived"
6,15,4,"Long-lived"
6,20293,3,"Long-lived"
6,134228,4,"Long-lived"
6,16834,4,"Long-lived"
6,256,4,"Long-lived"
6,21679,3,"Long-lived"
6,152965,3,"Long-lived"
6,62659,4,"Long-lived"
6,65587,3,"Long-lived"
6,15940,3,"Long-lived"
6,56438,4,"Long-lived"
6,134268,4,"Long-lived"
6,12771,3,"Long-lived"
6,87064,4,"Long-lived"
6,46957,4,"Long-lived"
6,13381,3,"Long-lived"
6,12977,3,"Long-lived"
6,142571,4,"Long-lived"
6,134469,4,"Long-lived"
6,87,4,"Long-lived"
6,93646,3,"Long-lived"
6,65081,3,"Long-lived"
6,4348,4,"Long-lived"
6,56673,4,"Long-lived"
6,13383,3,"Long-lived"
6,83813,3,"Long-lived"
6,21367,3,"Long-lived"
6,129240,4,"Long-lived"
6,6629,4,"Long-lived"
6,142601,4,"Long-lived"
6,129237,4,"Long-lived"
6,31859,3,"Long-lived"
6,95001,3,"Long-lived"
6,12947,3,"Long-lived"
6,13640,3,"Long-lived"
6,134769,4,"Long-lived"
6,66940,4,"Long-lived"
6,96665,3,"Long-lived"
6,12501,3,"Long-lived"
6,41412,3,"Long-lived"
6,71115,3,"Long-lived"
6,129249,4,"Long-lived"
6,4821,4,"Long-lived"
6,134227,4,"Long-lived"
6,133840,3,"Long-lived"
6,34998,4,"Long-lived"
6,7354,3,"Long-lived"
6,129203,3,"Long-lived"
6,134792,4,"Long-lived"
6,13117,3,"Long-lived"
6,38637,4,"Long-lived"
6,41477,3,"Long-lived"
6,41089,3,"Long-lived"
6,54971,4,"Long-lived"
6,128398,3,"Long-lived"
6,59672,4,"Long-lived"
6,114683,3,"Long-lived"
6,67384,4,"Long-lived"
6,14299,3,"Long-lived"
6,129680,4,"Long-lived"
6,12779,3,"Long-lived"
6,83712,3,"Long-lived"
6,14055,3,"Long-lived"
6,13395,3,"Long-lived"
6,12787,3,"Long-lived"
6,126890,4,"Long-lived"
6,94467,3,"Long-lived"
6,20246,3,"Long-lived"
6,114152,4,"Long-lived"
6,16835,4,"Long-lived"
6,12940,3,"Long-lived"
6,114475,4,"Long-lived"
6,134757,4,"Long-lived"
6,31895,3,"Long-lived"
6,20259,3,"Long-lived"
6,5041,4,"Long-lived"
6,94464,3,"Long-lived"
6,10697,4,"Long-lived"
6,1403,4,"Long-lived"
6,6630,4,"Long-lived"
6,41418,3,"Long-lived"
6,138,4,"Long-lived"
6,20253,3,"Long-lived"
6,96596,3,"Long-lived"
6,96148,3,"Long-lived"
6,89386,4,"Long-lived"
6,83698,4,"Long-lived"
6,87647,3,"Long-lived"
6,134185,4,"Long-lived"
6,2382,4,"Long-lived"
6,129678,4,"Long-lived"
6,38647,3,"Long-lived"
6,73996,4,"Long-lived"
6,17034,3,"Long-lived"
6,32000,3,"Long-lived"
6,11,4,"Long-lived"
6,13415,3,"Long-lived"
6,83817,3,"Long-lived"
6,12982,3,"Long-lived"
6,129254,3,"Long-lived"
6,13264,3,"Long-lived"
6,21240,3,"Long-lived"
6,36655,3,"Long-lived"
6,134779,4,"Long-lived"
6,13393,3,"Long-lived"
6,43960,3,"Long-lived"
6,32399,3,"Long-lived"
6,13397,3,"Long-lived"
6,13396,3,"Long-lived"
6,134668,4,"Long-lived"
6,336,4,"Long-lived"
6,2818,4,"Long-lived"
6,134707,4,"Long-lived"
6,94701,3,"Long-lived"
6,1078,4,"Long-lived"
6,71696,3,"Long-lived"
6,38701,3,"Long-lived"
6,38686,3,"Long-lived"
6,83296,3,"Long-lived"
6,54922,4,"Long-lived"
6,1054,4,"Long-lived"
6,13120,3,"Long-lived"
6,12983,3,"Long-lived"
6,71117,3,"Long-lived"
6,88,4,"Long-lived"
6,21827,3,"Long-lived"
6,96597,3,"Long-lived"
6,74406,4,"Long-lived"
6,87616,3,"Long-lived"
6,12968,4,"Long-lived"
6,31792,3,"Long-lived"
6,2760,4,"Long-lived"
6,34882,3,"Long-lived"
6,97715,3,"Long-lived"
6,13350,3,"Long-lived"
6,388,4,"Long-lived"
6,134818,4,"Long-lived"
6,134658,4,"Long-lived"
6,134297,4,"Long-lived"
6,82617,3,"Long-lived"
6,65097,4,"Long-lived"
6,83825,3,"Long-lived"
6,38933,3,"Long-lived"
6,54975,4,"Long-lived"
6,72879,4,"Long-lived"
6,149495,3,"Long-lived"
6,14060,3,"Long-lived"
6,95081,3,"Long-lived"
6,20266,3,"Long-lived"
6,74463,4,"Long-lived"
6,14086,3,"Long-lived"
6,87761,3,"Long-lived"
6,70794,3,"Long-lived"
6,74408,4,"Long-lived"
6,88140,3,"Long-lived"
6,12944,3,"Long-lived"
6,12950,3,"Long-lived"
6,134830,4,"Long-lived"
6,21110,3,"Long-lived"
6,2174,4,"Long-lived"
6,13391,3,"Long-lived"
6,68769,3,"Long-lived"
6,68771,3,"Long-lived"
6,20254,3,"Long-lived"
6,134643,4,"Long-lived"
6,95121,3,"Long-lived"
6,74590,4,"Long-lived"
6,13706,3,"Long-lived"
6,45775,3,"Long-lived"
6,82847,3,"Long-lived"
6,20260,3,"Long-lived"
6,20256,3,"Long-lived"
6,38641,3,"Long-lived"
6,11467,4,"Long-lived"
6,38654,3,"Long-lived"
6,12994,3,"Long-lived"
6,64852,3,"Long-lived"
6,94976,3,"Long-lived"
6,134727,4,"Long-lived"
6,65535,3,"Long-lived"
6,134301,4,"Long-lived"
6,44431,3,"Long-lived"
6,32465,3,"Long-lived"
6,2819,4,"Long-lived"
6,34999,4,"Long-lived"
6,82856,3,"Long-lived"
6,82864,3,"Long-lived"
6,82858,3,"Long-lived"
6,93062,4,"Long-lived"
6,97171,4,"Long-lived"
6,12984,3,"Long-lived"
6,12962,3,"Long-lived"
6,311,4,"Long-lived"
6,2758,4,"Long-lived"
6,134766,4,"Long-lived"
6,2623,4,"Long-lived"
6,71697,3,"Long-lived"
6,13271,3,"Long-lived"
6,84462,3,"Long-lived"
6,88158,3,"Long-lived"
6,134736,4,"Long-lived"
6,41419,3,"Long-lived"
6,71118,3,"Long-lived"
6,41415,3,"Long-lived"
6,1314,4,"Long-lived"
6,31999,3,"Long-lived"
6,96603,3,"Long-lived"
6,96598,3,"Long-lived"
6,57083,4,"Long-lived"
6,65620,3,"Long-lived"
6,82844,3,"Long-lived"
6,3447,4,"Long-lived"
6,134580,4,"Long-lived"
6,12986,3,"Long-lived"
6,87590,3,"Long-lived"
6,65568,4,"Long-lived"
6,64853,3,"Long-lived"
6,125257,3,"Long-lived"
6,134413,4,"Long-lived"
6,49408,4,"Long-lived"
6,12987,3,"Long-lived"
6,4818,4,"Long-lived"
6,142585,4,"Long-lived"
6,134832,4,"Long-lived"
6,62776,4,"Long-lived"
6,134721,4,"Long-lived"
6,32338,3,"Long-lived"
6,65017,3,"Long-lived"
6,134806,4,"Long-lived"
6,387,4,"Long-lived"
6,134765,4,"Long-lived"
6,2763,4,"Long-lived"
6,127502,3,"Long-lived"
6,137355,3,"Long-lived"
6,127499,3,"Long-lived"
6,20261,3,"Long-lived"
6,20263,3,"Long-lived"
6,20262,3,"Long-lived"
6,12671,3,"Long-lived"
6,14283,3,"Long-lived"
6,2176,4,"Long-lived"
6,93683,4,"Long-lived"
6,2136,4,"Long-lived"
6,13389,3,"Long-lived"
6,134265,4,"Long-lived"
6,14147,3,"Long-lived"
6,13958,4,"Long-lived"
6,83196,4,"Long-lived"
6,74250,4,"Long-lived"
6,5369,4,"Long-lived"
6,7358,3,"Long-lived"
6,134400,4,"Long-lived"
6,134376,4,"Long-lived"
6,74277,4,"Long-lived"
6,11468,4,"Long-lived"
6,33696,3,"Long-lived"
6,16330,3,"Long-lived"
6,33655,3,"Long-lived"
6,20270,3,"Long-lived"
6,37209,3,"Long-lived"
6,134768,4,"Long-lived"
6,41414,3,"Long-lived"
6,91730,3,"Long-lived"
6,13434,3,"Long-lived"
6,71695,3,"Long-lived"
6,13416,3,"Long-lived"
6,95008,3,"Long-lived"
6,1326,4,"Long-lived"
6,20271,3,"Long-lived"
6,59129,3,"Long-lived"
6,23,4,"Long-lived"
6,20267,3,"Long-lived"
6,134669,4,"Long-lived"
6,20264,3,"Long-lived"
6,129682,4,"Long-lived"
6,46202,4,"Long-lived"
6,14079,3,"Long-lived"
6,91713,3,"Long-lived"
6,20471,3,"Long-lived"
6,21043,3,"Long-lived"
6,5070,4,"Long-lived"
6,20257,3,"Long-lived"
6,2813,4,"Long-lived"
6,13273,3,"Long-lived"
6,20255,3,"Long-lived"
6,12772,3,"Long-lived"
6,2729,4,"Long-lived"
6,134705,4,"Long-lived"
6,2731,4,"Long-lived"
6,2728,4,"Long-lived"
6,94988,3,"Long-lived"
6,2703,4,"Long-lived"
6,134804,4,"Long-lived"
6,88983,3,"Long-lived"
6,134816,4,"Long-lived"
6,3309,4,"Long-lived"
6,34868,3,"Long-lived"
6,41481,3,"Long-lived"
6,134226,4,"Long-lived"
6,20576,3,"Long-lived"
6,134392,4,"Long-lived"
6,82857,3,"Long-lived"
6,1085,4,"Long-lived"
6,14389,3,"Long-lived"
6,3361,4,"Long-lived"
6,142591,4,"Long-lived"
6,32394,3,"Long-lived"
6,5964,4,"Long-lived"
6,93643,3,"Long-lived"
6,46023,3,"Long-lived"
6,134281,4,"Long-lived"
6,134743,4,"Long-lived"
6,13118,3,"Long-lived"
6,2725,4,"Long-lived"
6,31605,3,"Long-lived"
6,20577,3,"Long-lived"
6,127501,4,"Long-lived"
6,12941,3,"Long-lived"
6,127500,3,"Long-lived"
6,113873,4,"Long-lived"
6,129672,4,"Long-lived"
6,12526,3,"Long-lived"
6,386,4,"Long-lived"
6,62775,4,"Long-lived"
6,312,4,"Long-lived"
6,1038,4,"Long-lived"
6,134814,4,"Long-lived"
6,12964,3,"Long-lived"
6,55012,3,"Long-lived"
6,93598,3,"Long-lived"
6,93594,3,"Long-lived"
6,134224,4,"Long-lived"
6,74150,4,"Long-lived"
6,62777,4,"Long-lived"
6,14093,3,"Long-lived"
6,83708,3,"Long-lived"
6,12995,3,"Long-lived"
6,32369,3,"Long-lived"
6,27,4,"Long-lived"
6,83242,4,"Long-lived"
6,13402,3,"Long-lived"
6,129588,4,"Long-lived"
6,70703,4,"Long-lived"
6,134471,4,"Long-lived"
6,21518,3,"Long-lived"
6,134585,4,"Long-lived"
6,95119,3,"Long-lived"
6,134717,4,"Long-lived"
6,13403,3,"Long-lived"
6,144574,3,"Long-lived"
6,12945,3,"Long-lived"
6,134475,4,"Long-lived"
6,20117,3,"Long-lived"
6,93599,3,"Long-lived"
6,38841,3,"Long-lived"
6,65112,4,"Long-lived"
6,72820,4,"Long-lived"
6,93600,3,"Long-lived"
6,74107,4,"Long-lived"
6,13404,3,"Long-lived"
6,134693,4,"Long-lived"
6,134755,4,"Long-lived"
6,6253,4,"Long-lived"
6,20297,3,"Long-lived"
6,13424,3,"Long-lived"
6,64667,4,"Long-lived"
6,74076,4,"Long-lived"
